id,field_model,field_resource_type,parent_id,field_member_of,field_weight,title,mods,file,media:audio:field_track,media:video:field_track,Supplemental_PDF,field_description,field_subject_general,field_identifier,field_edtf_date_issued,field_linked_agent,field_rights,media_use_tid,field_viewer_override,thumbnail,service,fits,extracted
2,Collection,Collection,,,,Book Collection,,Collection Service Files/Book_Collection.png,,,,"This collection demonstrates the look, feel, and behaviour of  a book collection in Islandora.",,,,,This collection and its contents are provided as a demonstration of the capabilities of Islandora. All rights and pre-existing licensing hold for the contents of this collection.,http://pcdm.org/use#ThumbnailImage,,,,,
3,Collection,Collection,,,,Document Collection,,Collection Service Files/Documents_Collection.png,,,,"This collection demonstrates the look, feel, and behaviour of documents in Islandora.",,,,,This collection and its contents are provided as a demonstration of the capabilities of Islandora. All rights and pre-existing licensing hold for the contents of this collection.,http://pcdm.org/use#ThumbnailImage,,,,,
4,Collection,Collection,,,,Compound Collection,,Collection Service Files/Compound_Collection.png,,,,"This collection demonstrates the look, feel, and behaviour of compound objects in islandora.",,,,,This collection and its contents are provided as a demonstration of the capabilities of Islandora. All rights and pre-existing licensing hold for the contents of this collection.,http://pcdm.org/use#ThumbnailImage,,,,,
5,Collection,Collection,,,,Large Image Collection,,Collection Service Files/Large_Image.png,,,,"This collection demonstrates the look, feel, and behaviour of large (zoomable) images in Islandora.",,,,,This collection and its contents are provided as a demonstration of the capabilities of Islandora. All rights and pre-existing licensing hold for the contents of this collection.,http://pcdm.org/use#ThumbnailImage,,,,,
6,Collection,Collection,,,,Simple Image Collection,,Collection Service Files/Simple_Image.png,,,,"This collection demonstrates the look, feel, and behaviour of simple images in Islandora.",,,,,This collection and its contents are provided as a demonstration of the capabilities of Islandora. All rights and pre-existing licensing hold for the contents of this collection.,http://pcdm.org/use#ThumbnailImage,,,,,
7,Collection,Collection,,,,Newspaper Collection,,Collection Service Files/newspaper_collection.png,,,,"This collection demonstrates the look, feel, and behaviour of newspapers in Islandora.",,,,,This collection and its contents are provided as a demonstration of the capabilities of Islandora. All rights and pre-existing licensing hold for the contents of this collection.,http://pcdm.org/use#ThumbnailImage,,,,,
8,Collection,Collection,,,,Audio Collection,,Collection Service Files/Audio_Collection.png,,,,"This collection demonstrates the look, feel, and behaviour of Audio files in Islandora.",,,,,This collection and its contents are provided as a demonstration of the capabilities of Islandora. All rights and pre-existing licensing hold for the contents of this collection.,http://pcdm.org/use#ThumbnailImage,,,,,
9,Collection,Collection,,,,Video Collection,,Collection Service Files/Video_Collection.png,,,,"Thic collection demonstrates the look, feel, and behaviour of video files in Islandora.",,,,,This collection and its contents are provided as a demonstration of the capabilities of Islandora. All rights and pre-existing licensing hold for the contents of this collection.,http://pcdm.org/use#ThumbnailImage,,,,,
197,Collection,Collection,,,,Binary Collection,,Collection Service Files/Collection.png,,,,"This collection demonstrates the look, feel, and behaviour of binary files in Islandora.",,,,,This collection and its contents are provided as a demonstration of the capabilities of Islandora. All rights and pre-existing licensing hold for the contents of this collection.,http://pcdm.org/use#ThumbnailImage,,,,,
198,Collection,Collection,6,,,Staging Subcollection,,Collection Service Files/Binary_Image.png,,,,"This collection demonstrates the look, feel, and behaviour of sub-collections in Islandora.",,,,,This collection and its contents are provided as a demonstration of the capabilities of Islandora. All rights and pre-existing licensing hold for the contents of this collection.,http://pcdm.org/use#ThumbnailImage,,,,,
199,Binary,Dataset,197,,,Atlantic Canada Newspaper Survey - Dataset,,Binary File/_ACNS.zip,,,,"The Atlantic Canada Newspaper Survey (ACNS) project was designed to provide a machine-readable database of goods and services offered for sale in important east coast regional newspapers before 1900. This newspaper research database has as its focus nine broad categories of commodities based upon Statistics Canada’s “Trade of Canada Commodity Classification”. In the 1980s work on the database was supported by the Canadian Museum of Civilization. The project received SSHRC funding in 1986-1987 as part of its Research Tools Program. In June 2013, the Canadian Heritage Information Network was no longer able to host the database due to accessibility issues. CHIN exported the dataset and provided a copy to UPEI in the hopes that it would be useful.",subject:Museum And Gallery Studies|subject:Information and Knowledge Management,10.11571/upei-roblib-data/researchdata:448,2017-02-12,"relators:pbl:corporate_body:University of New Brunswick at Saint John|relators:pbl:corporate_body:Prince Edward Island Museum and Heritage Foundation|relators:pbl:corporate_body:Canadian Heritage Information Network|relators:pbl:corporate_body:Canadian Museum of Civilization|relators:pbl:corporate_body:Gorsebrook Research Institute, St. Mary’s University|relators:pbl:corporate_body:Memorial University of Newfoundland|relators:pbl:corporate_body:New Brunswick Museum, Saint John|relators:pbl:corporate_body:Newfoundland Museum|relators:pbl:corporate_body:Nova Scotia Museum, Halifax",This is provided under a cc-by-nd license.,http://pcdm.org/use#OriginalFile,,,,,
500,Image,Still Image,198,,,Sample Simple Image without Cataloguing,,Sub-Collection_Staging/Sample_1.png,,,,This is an uncatalogued image used to demonstrate editorial workflows around cataloguing.,,,,,Provided to demonstrate function of Islandora only. All rights reserved.,http://pcdm.org/use#OriginalFile,,Sub-Collection_Staging/Sample_1.png.thumbnail.jpg,Sub-Collection_Staging/Sample_1.png.service.jpg,Sub-Collection_Staging/Sample_1.png.fits.xml,
501,Image,Still Image,198,,,Sample Simple Image without Cataloguing,,Sub-Collection_Staging/Sample_2.png,,,,This is an uncatalogued image used to demonstrate editorial workflows around cataloguing.,,,,,Provided to demonstrate function of Islandora only. All rights reserved.,http://pcdm.org/use#OriginalFile,,Sub-Collection_Staging/Sample_2.png.thumbnail.jpg,Sub-Collection_Staging/Sample_2.png.service.jpg,Sub-Collection_Staging/Sample_2.png.fits.xml,
502,Image,Still Image,198,,,Sample Simple Image without Cataloguing,,Sub-Collection_Staging/Sample_3.png,,,,This is an uncatalogued image used to demonstrate editorial workflows around cataloguing.,,,,,Provided to demonstrate function of Islandora only. All rights reserved.,http://pcdm.org/use#OriginalFile,,Sub-Collection_Staging/Sample_3.png.thumbnail.jpg,Sub-Collection_Staging/Sample_3.png.service.jpg,Sub-Collection_Staging/Sample_3.png.fits.xml,
10,Digital Document,Dataset,3,,,Activities in the city of Toronto,,Documents/Sample_Excel_file.xlsx,,,,This sample dataset of activities in Toronto was downloaded from Toronto's Open Data Portal.,,,,,,http://pcdm.org/use#OriginalFile,OpenSeadragon,,,,
11,Digital Document,Text,3,,,Drop in activities in Toronto,,Documents/Sample_PDF_file.pdf,,,,"This document contains tabs for Registered Programs, Drop-in, Locations, and Facilities for the city of Toronto.",subject:Community Activities,,2021,relators:pbl:corporate_body:City of Toronto,"Open Government Licence – Toronto based on version 1.0 of the Open Government Licence – Ontario, which was developed through public consultation and a collaborative effort by the provincial and federal government. The only substantive changes in this licence are to replace direct references to the Province of Ontario with the City of Toronto and the inclusion of a provision for the Ontario Personal Health Information Protection Act, 2004. Additional information available at https://www.toronto.ca/city-government/data-research-maps/open-data/open-data-licence/",http://pcdm.org/use#OriginalFile,PDF.js,Documents/Sample_PDF_file.pdf.thumbnail.png,,Documents/Sample_PDF_file.pdf.fits.xml,Documents/Sample_PDF_file.pdf.extracted.txt
12,Digital Document,Interactive Resource,3,,,Adding a Child Collection using the Islandora Content Modeler Module,,Documents/Islandora Content Modeler.pptx,,,,Slides walking through the functionality of an early content modeling module for Islandora,,,2013-09-23,relators:pbl:corporate_body:University of Prince Edward Island,"<a rel=""license"" href=""http://creativecommons.org/licenses/by-sa/4.0/""><img alt=""Creative Commons License"" style=""border-width:0"" src=""https://i.creativecommons.org/l/by-sa/4.0/88x31.png"" /></a><br />This work is licensed under a <a rel=""license"" href=""http://creativecommons.org/licenses/by-sa/4.0/"">Creative Commons Attribution-ShareAlike 4.0 International License</a>.",http://pcdm.org/use#OriginalFile,,,,Documents/Islandora Content Modeler.pptx.fits.xml,
13,Image,Still Image,5,,,Library circulation desk,,Large Images/photoservices_132.tiff,,,,Depicts the Library Circulation desk of the University of Toronto Scarborough Library,subject:Academic life|subject:Library,61220/utsc10223,,relators:pbl:corporate_body:University of Toronto Scarborough|relators:pht:person:Ken Jones,"Digital files found in the UTSC Library's Digital Collections are meant for research and private study used in compliance with copyright legislation. Access to digital images and text found on this website and the technical capacity to download or copy it does not imply permission to re-use. Prior written permission to publish, or otherwise use images and text found on the website must be obtained from the copyright holder. Please contact UTSC Library for further information.",http://pcdm.org/use#OriginalFile,OpenSeadragon,Large Images/photoservices_132.tiff.thumbnail.jpg,Large Images/photoservices_132.tiff.service.jpg,Large Images/photoservices_132.tiff.fits.xml,Large Images/photoservices_132.tiff.extracted.txt
14,Image,Still Image,5,,,Portrait of J. Crichton-Patterson,,Large Images/photoservices_220.tiff,,,,,,61220/utsc10311,1999,relators:pbl:corporate_body:University of Toronto Scarborough|relators:pht:person:Ken Jones,"Digital files found in the UTSC Library's Digital Collections are meant for research and private study used in compliance with copyright legislation. Access to digital images and text found on this website and the technical capacity to download or copy it does not imply permission to re-use. Prior written permission to publish, or otherwise use images and text found on the website must be obtained from the copyright holder. Please contact UTSC Library for further information.",http://pcdm.org/use#OriginalFile,OpenSeadragon,Large Images/photoservices_220.tiff.thumbnail.jpg,Large Images/photoservices_220.tiff.service.jpg,Large Images/photoservices_220.tiff.fits.xml,Large Images/photoservices_220.tiff.extracted.txt
15,Image,Still Image,5,,,Students at Orientation,,Large Images/photoservices_461.tiff,,,,"Photo caption: ""Orientation '89""",subject:Academic life,61220/utsc10501,1989,relators:pht:person:David Harford,"Digital files found in the UTSC Library's Digital Collections are meant for research and private study used in compliance with copyright legislation. Access to digital images and text found on this website and the technical capacity to download or copy it does not imply permission to re-use. Prior written permission to publish, or otherwise use images and text found on the website must be obtained from the copyright holder. Please contact UTSC Library for further information.",http://pcdm.org/use#OriginalFile,OpenSeadragon,Large Images/photoservices_461.tiff.thumbnail.jpg,Large Images/photoservices_461.tiff.service.jpg,Large Images/photoservices_461.tiff.fits.xml,Large Images/photoservices_461.tiff.extracted.txt
16,Audio,Sound,8,,,Talking Drupal #309 - Media,,Transcribed Audio/Transcribed_Audio_Sample_2/TalkingDrupal309_libsyn.mp3,Transcript:subtitles:en:Transcribed Audio/Transcribed_Audio_Sample_2/TalkingDrupal309-libsyn_AutoGeneratedCaption.vtt,,,Today we are talking about Media with Adam Globus-Hoenich and Sean Blommaert.,,,2021,relators:ive:person:Sean Blommaert|relators:ive:person:Adam Globus-Hoenich|relators:hst:person:Nic Laflin|relators:hst:person:John Picozzi|relators:hst:person:Chad Hester,copyright is owned by the publisher and was downloaded from https://www.talkingdrupal.com/309. All rights reserved.,http://pcdm.org/use#OriginalFile,,,Transcribed Audio/Transcribed_Audio_Sample_2/TalkingDrupal309_libsyn.mp3.service.mp3,Transcribed Audio/Transcribed_Audio_Sample_2/TalkingDrupal309_libsyn.mp3.fits.xml,
17,Audio,Sound,8,,,Interview with Diane Hill,,Transcribed Audio/Transcribed_Audio_Sample_1/Diane_HillOBJ.mp3,Transcript:subtitles:en:Transcribed Audio/Transcribed_Audio_Sample_1/Diane_HillTRANSCRIPT.vtt,,,Learning about the barriers faced by a First Nations student while attending UTSC,subject:Anti-colonialism|subject:Community|subject:Education|subject:Ethnicity|subject:Indigeneity|subject:Leadership|subject:Race,61220/utsc10788,2015-01-06,relators:res:person:Jennifer Lee|relators:ive:person:Diane Hill|relators:pbl:corporate_body:Stories of UTSC,Participant consented to use of full name. Participant consented to use of photos. Participant consented to archiving. Participant consented to broadcast and reproduction of content. Consent form dated 6/1/2015.,http://pcdm.org/use#OriginalFile,,,Transcribed Audio/Transcribed_Audio_Sample_1/Diane_HillOBJ.mp3.service.mp3,Transcribed Audio/Transcribed_Audio_Sample_1/Diane_HillOBJ.mp3.fits.xml,
18,Video,Moving Image,9,,,An excerpt from Noah Hill's presentation on Docker,,Transcribed Video/Transcribed_Video_Sample_1/Noah Smith's Docker Session.mp4,,Transcript:subtitles:en:Transcribed Video/Transcribed_Video_Sample_1/Noah Smith's Docker Session_AutoGeneratedCaption.vtt,,This presentation was delivered in the October 2021 Islandora Open Meeting,subject:Islandora|subject:Docker,,,,,http://pcdm.org/use#OriginalFile,,Transcribed Video/Transcribed_Video_Sample_1/Noah Smith's Docker Session.mp4.thumbnail.png,Transcribed Video/Transcribed_Video_Sample_1/Noah Smith's Docker Session.mp4.service.mp4,Transcribed Video/Transcribed_Video_Sample_1/Noah Smith's Docker Session.mp4.fits.xml,
19,Video,Moving Image,9,,,தொகுதி 1 - தொடக்கத்தில்,,Transcribed Video/Transcribed_Video_Sample_2_Multilingual/Tamil_Video.mp4,,Transcript:subtitles:en:Transcribed Video/Transcribed_Video_Sample_2_Multilingual/Tamil_Video_TRANSCRIPT.vtt,,,,,,,,http://pcdm.org/use#OriginalFile,,Transcribed Video/Transcribed_Video_Sample_2_Multilingual/Tamil_Video.mp4.thumbnail.png,Transcribed Video/Transcribed_Video_Sample_2_Multilingual/Tamil_Video.mp4.service.mp4,Transcribed Video/Transcribed_Video_Sample_2_Multilingual/Tamil_Video.mp4.fits.xml,
20,Image,Still Image,6,,,"Rural Scene, Cardiagan, Prince Edward Island",,Simple Images/2341.jpeg,,,,,,,,,,http://pcdm.org/use#OriginalFile,,Simple Images/2341.jpeg.thumbnail.jpg,Simple Images/2341.jpeg.service.jpg,Simple Images/2341.jpeg.fits.xml,
21,Image,Still Image,6,,,"Among the Big Guns, Camp Brighton, Charlottetown, P.E.I",,Simple Images/2416.jpeg,,,,,,,,,,http://pcdm.org/use#OriginalFile,,Simple Images/2416.jpeg.thumbnail.jpg,Simple Images/2416.jpeg.service.jpg,Simple Images/2416.jpeg.fits.xml,
22,Image,Still Image,6,,,"Seafarers Haven, Prince Edward Island, Canada",,Simple Images/3360.jpeg,,,,,,,,relators:pht:person:George Hunter,,http://pcdm.org/use#OriginalFile,,Simple Images/3360.jpeg.thumbnail.jpg,Simple Images/3360.jpeg.service.jpg,Simple Images/3360.jpeg.fits.xml,
23,Image,Still Image,6,,,Farmers Bank of Rustico/La Banque de Rustico (1864-1894),,Simple Images/3553.jpeg,,,,,,,,relators:pht:person:J. Hermann,,http://pcdm.org/use#OriginalFile,,Simple Images/3553.jpeg.thumbnail.jpg,Simple Images/3553.jpeg.service.jpg,Simple Images/3553.jpeg.fits.xml,
24,Paged Content,Collection,2,,,Excerpt from 'Wild flowers of Western Canada',,Books/Wildflowers_of_Western_Canada/Wildflowers_TN.png,,,Books/Wildflowers_of_Western_Canada/wildflowersofwes0000mcca.pdf,with 60 plates from original photos. by the author,subject:Botany -- Canada|subject:Wild flowers -- Canada,ark:/13960/t7vn1tv4g,1920,relators:aut:person:William Copeland McCalla,Free eBook from the Internet Archive,http://pcdm.org/use#ThumbnailImage,,,,Books/Wildflowers_of_Western_Canada/wildflowersofwes0000mcca.pdf.fits.xml,Books/Wildflowers_of_Western_Canada/wildflowersofwes0000mcca.pdf.extracted.txt
25,Page,Text,24,,1,Page 1 of Wild flowers of Western Canada,,Books/Wildflowers_of_Western_Canada/wildflowersofwes0000mcca_Page_001.jp2,,,,,,,,,,http://pcdm.org/use#OriginalFile,OpenSeadragon,Books/Wildflowers_of_Western_Canada/wildflowersofwes0000mcca_Page_001.jp2.thumbnail.jpg,Books/Wildflowers_of_Western_Canada/wildflowersofwes0000mcca_Page_001.jp2.service.jpg,Books/Wildflowers_of_Western_Canada/wildflowersofwes0000mcca_Page_001.jp2.fits.xml,
26,Page,Text,24,,2,Page 2 of Wild flowers of Western Canada,,Books/Wildflowers_of_Western_Canada/wildflowersofwes0000mcca_Page_002.jp2,,,,,,,,,,http://pcdm.org/use#OriginalFile,OpenSeadragon,Books/Wildflowers_of_Western_Canada/wildflowersofwes0000mcca_Page_002.jp2.thumbnail.jpg,Books/Wildflowers_of_Western_Canada/wildflowersofwes0000mcca_Page_002.jp2.service.jpg,Books/Wildflowers_of_Western_Canada/wildflowersofwes0000mcca_Page_002.jp2.fits.xml,
27,Page,Text,24,,3,Page 3 of Wild flowers of Western Canada,,Books/Wildflowers_of_Western_Canada/wildflowersofwes0000mcca_Page_003.jp2,,,,,,,,,,http://pcdm.org/use#OriginalFile,OpenSeadragon,Books/Wildflowers_of_Western_Canada/wildflowersofwes0000mcca_Page_003.jp2.thumbnail.jpg,Books/Wildflowers_of_Western_Canada/wildflowersofwes0000mcca_Page_003.jp2.service.jpg,Books/Wildflowers_of_Western_Canada/wildflowersofwes0000mcca_Page_003.jp2.fits.xml,
28,Page,Text,24,,4,Page 4 of Wild flowers of Western Canada,,Books/Wildflowers_of_Western_Canada/wildflowersofwes0000mcca_Page_004.jp2,,,,,,,,,,http://pcdm.org/use#OriginalFile,OpenSeadragon,Books/Wildflowers_of_Western_Canada/wildflowersofwes0000mcca_Page_004.jp2.thumbnail.jpg,Books/Wildflowers_of_Western_Canada/wildflowersofwes0000mcca_Page_004.jp2.service.jpg,Books/Wildflowers_of_Western_Canada/wildflowersofwes0000mcca_Page_004.jp2.fits.xml,
29,Page,Text,24,,5,Page 5 of Wild flowers of Western Canada,,Books/Wildflowers_of_Western_Canada/wildflowersofwes0000mcca_Page_005.jp2,,,,,,,,,,http://pcdm.org/use#OriginalFile,OpenSeadragon,Books/Wildflowers_of_Western_Canada/wildflowersofwes0000mcca_Page_005.jp2.thumbnail.jpg,Books/Wildflowers_of_Western_Canada/wildflowersofwes0000mcca_Page_005.jp2.service.jpg,Books/Wildflowers_of_Western_Canada/wildflowersofwes0000mcca_Page_005.jp2.fits.xml,
30,Page,Text,24,,6,Page 6 of Wild flowers of Western Canada,,Books/Wildflowers_of_Western_Canada/wildflowersofwes0000mcca_Page_006.jp2,,,,,,,,,,http://pcdm.org/use#OriginalFile,OpenSeadragon,Books/Wildflowers_of_Western_Canada/wildflowersofwes0000mcca_Page_006.jp2.thumbnail.jpg,Books/Wildflowers_of_Western_Canada/wildflowersofwes0000mcca_Page_006.jp2.service.jpg,Books/Wildflowers_of_Western_Canada/wildflowersofwes0000mcca_Page_006.jp2.fits.xml,
31,Page,Text,24,,7,Page 7 of Wild flowers of Western Canada,,Books/Wildflowers_of_Western_Canada/wildflowersofwes0000mcca_Page_007.jp2,,,,,,,,,,http://pcdm.org/use#OriginalFile,OpenSeadragon,Books/Wildflowers_of_Western_Canada/wildflowersofwes0000mcca_Page_007.jp2.thumbnail.jpg,Books/Wildflowers_of_Western_Canada/wildflowersofwes0000mcca_Page_007.jp2.service.jpg,Books/Wildflowers_of_Western_Canada/wildflowersofwes0000mcca_Page_007.jp2.fits.xml,
32,Page,Text,24,,8,Page 8 of Wild flowers of Western Canada,,Books/Wildflowers_of_Western_Canada/wildflowersofwes0000mcca_Page_008.jp2,,,,,,,,,,http://pcdm.org/use#OriginalFile,OpenSeadragon,Books/Wildflowers_of_Western_Canada/wildflowersofwes0000mcca_Page_008.jp2.thumbnail.jpg,Books/Wildflowers_of_Western_Canada/wildflowersofwes0000mcca_Page_008.jp2.service.jpg,Books/Wildflowers_of_Western_Canada/wildflowersofwes0000mcca_Page_008.jp2.fits.xml,
33,Page,Text,24,,9,Page 9 of Wild flowers of Western Canada,,Books/Wildflowers_of_Western_Canada/wildflowersofwes0000mcca_Page_009.jp2,,,,,,,,,,http://pcdm.org/use#OriginalFile,OpenSeadragon,Books/Wildflowers_of_Western_Canada/wildflowersofwes0000mcca_Page_009.jp2.thumbnail.jpg,Books/Wildflowers_of_Western_Canada/wildflowersofwes0000mcca_Page_009.jp2.service.jpg,Books/Wildflowers_of_Western_Canada/wildflowersofwes0000mcca_Page_009.jp2.fits.xml,
34,Page,Text,24,,10,Page 10 of Wild flowers of Western Canada,,Books/Wildflowers_of_Western_Canada/wildflowersofwes0000mcca_Page_010.jp2,,,,,,,,,,http://pcdm.org/use#OriginalFile,OpenSeadragon,Books/Wildflowers_of_Western_Canada/wildflowersofwes0000mcca_Page_010.jp2.thumbnail.jpg,Books/Wildflowers_of_Western_Canada/wildflowersofwes0000mcca_Page_010.jp2.service.jpg,Books/Wildflowers_of_Western_Canada/wildflowersofwes0000mcca_Page_010.jp2.fits.xml,
35,Page,Text,24,,11,Page 11 of Wild flowers of Western Canada,,Books/Wildflowers_of_Western_Canada/wildflowersofwes0000mcca_Page_011.jp2,,,,,,,,,,http://pcdm.org/use#OriginalFile,OpenSeadragon,Books/Wildflowers_of_Western_Canada/wildflowersofwes0000mcca_Page_011.jp2.thumbnail.jpg,Books/Wildflowers_of_Western_Canada/wildflowersofwes0000mcca_Page_011.jp2.service.jpg,Books/Wildflowers_of_Western_Canada/wildflowersofwes0000mcca_Page_011.jp2.fits.xml,
36,Page,Text,24,,12,Page 12 of Wild flowers of Western Canada,,Books/Wildflowers_of_Western_Canada/wildflowersofwes0000mcca_Page_012.jp2,,,,,,,,,,http://pcdm.org/use#OriginalFile,OpenSeadragon,Books/Wildflowers_of_Western_Canada/wildflowersofwes0000mcca_Page_012.jp2.thumbnail.jpg,Books/Wildflowers_of_Western_Canada/wildflowersofwes0000mcca_Page_012.jp2.service.jpg,Books/Wildflowers_of_Western_Canada/wildflowersofwes0000mcca_Page_012.jp2.fits.xml,
37,Page,Text,24,,13,Page 13 of Wild flowers of Western Canada,,Books/Wildflowers_of_Western_Canada/wildflowersofwes0000mcca_Page_013.jp2,,,,,,,,,,http://pcdm.org/use#OriginalFile,OpenSeadragon,Books/Wildflowers_of_Western_Canada/wildflowersofwes0000mcca_Page_013.jp2.thumbnail.jpg,Books/Wildflowers_of_Western_Canada/wildflowersofwes0000mcca_Page_013.jp2.service.jpg,Books/Wildflowers_of_Western_Canada/wildflowersofwes0000mcca_Page_013.jp2.fits.xml,
38,Page,Text,24,,14,Page 14 of Wild flowers of Western Canada,,Books/Wildflowers_of_Western_Canada/wildflowersofwes0000mcca_Page_014.jp2,,,,,,,,,,http://pcdm.org/use#OriginalFile,OpenSeadragon,Books/Wildflowers_of_Western_Canada/wildflowersofwes0000mcca_Page_014.jp2.thumbnail.jpg,Books/Wildflowers_of_Western_Canada/wildflowersofwes0000mcca_Page_014.jp2.service.jpg,Books/Wildflowers_of_Western_Canada/wildflowersofwes0000mcca_Page_014.jp2.fits.xml,
39,Page,Text,24,,15,Page 15 of Wild flowers of Western Canada,,Books/Wildflowers_of_Western_Canada/wildflowersofwes0000mcca_Page_015.jp2,,,,,,,,,,http://pcdm.org/use#OriginalFile,OpenSeadragon,Books/Wildflowers_of_Western_Canada/wildflowersofwes0000mcca_Page_015.jp2.thumbnail.jpg,Books/Wildflowers_of_Western_Canada/wildflowersofwes0000mcca_Page_015.jp2.service.jpg,Books/Wildflowers_of_Western_Canada/wildflowersofwes0000mcca_Page_015.jp2.fits.xml,
40,Page,Text,24,,16,Page 16 of Wild flowers of Western Canada,,Books/Wildflowers_of_Western_Canada/wildflowersofwes0000mcca_Page_016.jp2,,,,,,,,,,http://pcdm.org/use#OriginalFile,OpenSeadragon,Books/Wildflowers_of_Western_Canada/wildflowersofwes0000mcca_Page_016.jp2.thumbnail.jpg,Books/Wildflowers_of_Western_Canada/wildflowersofwes0000mcca_Page_016.jp2.service.jpg,Books/Wildflowers_of_Western_Canada/wildflowersofwes0000mcca_Page_016.jp2.fits.xml,
41,Page,Text,24,,17,Page 17 of Wild flowers of Western Canada,,Books/Wildflowers_of_Western_Canada/wildflowersofwes0000mcca_Page_017.jp2,,,,,,,,,,http://pcdm.org/use#OriginalFile,OpenSeadragon,Books/Wildflowers_of_Western_Canada/wildflowersofwes0000mcca_Page_017.jp2.thumbnail.jpg,Books/Wildflowers_of_Western_Canada/wildflowersofwes0000mcca_Page_017.jp2.service.jpg,Books/Wildflowers_of_Western_Canada/wildflowersofwes0000mcca_Page_017.jp2.fits.xml,
42,Page,Text,24,,18,Page 18 of Wild flowers of Western Canada,,Books/Wildflowers_of_Western_Canada/wildflowersofwes0000mcca_Page_018.jp2,,,,,,,,,,http://pcdm.org/use#OriginalFile,OpenSeadragon,Books/Wildflowers_of_Western_Canada/wildflowersofwes0000mcca_Page_018.jp2.thumbnail.jpg,Books/Wildflowers_of_Western_Canada/wildflowersofwes0000mcca_Page_018.jp2.service.jpg,Books/Wildflowers_of_Western_Canada/wildflowersofwes0000mcca_Page_018.jp2.fits.xml,
43,Page,Text,24,,19,Page 19 of Wild flowers of Western Canada,,Books/Wildflowers_of_Western_Canada/wildflowersofwes0000mcca_Page_019.jp2,,,,,,,,,,http://pcdm.org/use#OriginalFile,OpenSeadragon,Books/Wildflowers_of_Western_Canada/wildflowersofwes0000mcca_Page_019.jp2.thumbnail.jpg,Books/Wildflowers_of_Western_Canada/wildflowersofwes0000mcca_Page_019.jp2.service.jpg,Books/Wildflowers_of_Western_Canada/wildflowersofwes0000mcca_Page_019.jp2.fits.xml,
44,Page,Text,24,,20,Page 20 of Wild flowers of Western Canada,,Books/Wildflowers_of_Western_Canada/wildflowersofwes0000mcca_Page_020.jp2,,,,,,,,,,http://pcdm.org/use#OriginalFile,OpenSeadragon,Books/Wildflowers_of_Western_Canada/wildflowersofwes0000mcca_Page_020.jp2.thumbnail.jpg,Books/Wildflowers_of_Western_Canada/wildflowersofwes0000mcca_Page_020.jp2.service.jpg,Books/Wildflowers_of_Western_Canada/wildflowersofwes0000mcca_Page_020.jp2.fits.xml,
45,Page,Text,24,,21,Page 21 of Wild flowers of Western Canada,,Books/Wildflowers_of_Western_Canada/wildflowersofwes0000mcca_Page_021.jp2,,,,,,,,,,http://pcdm.org/use#OriginalFile,OpenSeadragon,Books/Wildflowers_of_Western_Canada/wildflowersofwes0000mcca_Page_021.jp2.thumbnail.jpg,Books/Wildflowers_of_Western_Canada/wildflowersofwes0000mcca_Page_021.jp2.service.jpg,Books/Wildflowers_of_Western_Canada/wildflowersofwes0000mcca_Page_021.jp2.fits.xml,
46,Page,Text,24,,22,Page 22 of Wild flowers of Western Canada,,Books/Wildflowers_of_Western_Canada/wildflowersofwes0000mcca_Page_022.jp2,,,,,,,,,,http://pcdm.org/use#OriginalFile,OpenSeadragon,Books/Wildflowers_of_Western_Canada/wildflowersofwes0000mcca_Page_022.jp2.thumbnail.jpg,Books/Wildflowers_of_Western_Canada/wildflowersofwes0000mcca_Page_022.jp2.service.jpg,Books/Wildflowers_of_Western_Canada/wildflowersofwes0000mcca_Page_022.jp2.fits.xml,
47,Page,Text,24,,23,Page 23 of Wild flowers of Western Canada,,Books/Wildflowers_of_Western_Canada/wildflowersofwes0000mcca_Page_023.jp2,,,,,,,,,,http://pcdm.org/use#OriginalFile,OpenSeadragon,Books/Wildflowers_of_Western_Canada/wildflowersofwes0000mcca_Page_023.jp2.thumbnail.jpg,Books/Wildflowers_of_Western_Canada/wildflowersofwes0000mcca_Page_023.jp2.service.jpg,Books/Wildflowers_of_Western_Canada/wildflowersofwes0000mcca_Page_023.jp2.fits.xml,
48,Page,Text,24,,24,Page 24 of Wild flowers of Western Canada,,Books/Wildflowers_of_Western_Canada/wildflowersofwes0000mcca_Page_024.jp2,,,,,,,,,,http://pcdm.org/use#OriginalFile,OpenSeadragon,Books/Wildflowers_of_Western_Canada/wildflowersofwes0000mcca_Page_024.jp2.thumbnail.jpg,Books/Wildflowers_of_Western_Canada/wildflowersofwes0000mcca_Page_024.jp2.service.jpg,Books/Wildflowers_of_Western_Canada/wildflowersofwes0000mcca_Page_024.jp2.fits.xml,
49,Page,Text,24,,25,Page 25 of Wild flowers of Western Canada,,Books/Wildflowers_of_Western_Canada/wildflowersofwes0000mcca_Page_025.jp2,,,,,,,,,,http://pcdm.org/use#OriginalFile,OpenSeadragon,Books/Wildflowers_of_Western_Canada/wildflowersofwes0000mcca_Page_025.jp2.thumbnail.jpg,Books/Wildflowers_of_Western_Canada/wildflowersofwes0000mcca_Page_025.jp2.service.jpg,Books/Wildflowers_of_Western_Canada/wildflowersofwes0000mcca_Page_025.jp2.fits.xml,
50,Page,Text,24,,26,Page 26 of Wild flowers of Western Canada,,Books/Wildflowers_of_Western_Canada/wildflowersofwes0000mcca_Page_026.jp2,,,,,,,,,,http://pcdm.org/use#OriginalFile,OpenSeadragon,Books/Wildflowers_of_Western_Canada/wildflowersofwes0000mcca_Page_026.jp2.thumbnail.jpg,Books/Wildflowers_of_Western_Canada/wildflowersofwes0000mcca_Page_026.jp2.service.jpg,Books/Wildflowers_of_Western_Canada/wildflowersofwes0000mcca_Page_026.jp2.fits.xml,
51,Page,Text,24,,27,Page 27 of Wild flowers of Western Canada,,Books/Wildflowers_of_Western_Canada/wildflowersofwes0000mcca_Page_027.jp2,,,,,,,,,,http://pcdm.org/use#OriginalFile,OpenSeadragon,Books/Wildflowers_of_Western_Canada/wildflowersofwes0000mcca_Page_027.jp2.thumbnail.jpg,Books/Wildflowers_of_Western_Canada/wildflowersofwes0000mcca_Page_027.jp2.service.jpg,Books/Wildflowers_of_Western_Canada/wildflowersofwes0000mcca_Page_027.jp2.fits.xml,
52,Page,Text,24,,28,Page 28 of Wild flowers of Western Canada,,Books/Wildflowers_of_Western_Canada/wildflowersofwes0000mcca_Page_028.jp2,,,,,,,,,,http://pcdm.org/use#OriginalFile,OpenSeadragon,Books/Wildflowers_of_Western_Canada/wildflowersofwes0000mcca_Page_028.jp2.thumbnail.jpg,Books/Wildflowers_of_Western_Canada/wildflowersofwes0000mcca_Page_028.jp2.service.jpg,Books/Wildflowers_of_Western_Canada/wildflowersofwes0000mcca_Page_028.jp2.fits.xml,
53,Page,Text,24,,29,Page 29 of Wild flowers of Western Canada,,Books/Wildflowers_of_Western_Canada/wildflowersofwes0000mcca_Page_029.jp2,,,,,,,,,,http://pcdm.org/use#OriginalFile,OpenSeadragon,Books/Wildflowers_of_Western_Canada/wildflowersofwes0000mcca_Page_029.jp2.thumbnail.jpg,Books/Wildflowers_of_Western_Canada/wildflowersofwes0000mcca_Page_029.jp2.service.jpg,Books/Wildflowers_of_Western_Canada/wildflowersofwes0000mcca_Page_029.jp2.fits.xml,
54,Page,Text,24,,30,Page 30 of Wild flowers of Western Canada,,Books/Wildflowers_of_Western_Canada/wildflowersofwes0000mcca_Page_030.jp2,,,,,,,,,,http://pcdm.org/use#OriginalFile,OpenSeadragon,Books/Wildflowers_of_Western_Canada/wildflowersofwes0000mcca_Page_030.jp2.thumbnail.jpg,Books/Wildflowers_of_Western_Canada/wildflowersofwes0000mcca_Page_030.jp2.service.jpg,Books/Wildflowers_of_Western_Canada/wildflowersofwes0000mcca_Page_030.jp2.fits.xml,
55,Page,Text,24,,31,Page 31 of Wild flowers of Western Canada,,Books/Wildflowers_of_Western_Canada/wildflowersofwes0000mcca_Page_031.jp2,,,,,,,,,,http://pcdm.org/use#OriginalFile,OpenSeadragon,Books/Wildflowers_of_Western_Canada/wildflowersofwes0000mcca_Page_031.jp2.thumbnail.jpg,Books/Wildflowers_of_Western_Canada/wildflowersofwes0000mcca_Page_031.jp2.service.jpg,Books/Wildflowers_of_Western_Canada/wildflowersofwes0000mcca_Page_031.jp2.fits.xml,
56,Page,Text,24,,32,Page 32 of Wild flowers of Western Canada,,Books/Wildflowers_of_Western_Canada/wildflowersofwes0000mcca_Page_032.jp2,,,,,,,,,,http://pcdm.org/use#OriginalFile,OpenSeadragon,Books/Wildflowers_of_Western_Canada/wildflowersofwes0000mcca_Page_032.jp2.thumbnail.jpg,Books/Wildflowers_of_Western_Canada/wildflowersofwes0000mcca_Page_032.jp2.service.jpg,Books/Wildflowers_of_Western_Canada/wildflowersofwes0000mcca_Page_032.jp2.fits.xml,
57,Page,Text,24,,33,Page 33 of Wild flowers of Western Canada,,Books/Wildflowers_of_Western_Canada/wildflowersofwes0000mcca_Page_033.jp2,,,,,,,,,,http://pcdm.org/use#OriginalFile,OpenSeadragon,Books/Wildflowers_of_Western_Canada/wildflowersofwes0000mcca_Page_033.jp2.thumbnail.jpg,Books/Wildflowers_of_Western_Canada/wildflowersofwes0000mcca_Page_033.jp2.service.jpg,Books/Wildflowers_of_Western_Canada/wildflowersofwes0000mcca_Page_033.jp2.fits.xml,
58,Page,Text,24,,34,Page 34 of Wild flowers of Western Canada,,Books/Wildflowers_of_Western_Canada/wildflowersofwes0000mcca_Page_034.jp2,,,,,,,,,,http://pcdm.org/use#OriginalFile,OpenSeadragon,Books/Wildflowers_of_Western_Canada/wildflowersofwes0000mcca_Page_034.jp2.thumbnail.jpg,Books/Wildflowers_of_Western_Canada/wildflowersofwes0000mcca_Page_034.jp2.service.jpg,Books/Wildflowers_of_Western_Canada/wildflowersofwes0000mcca_Page_034.jp2.fits.xml,
59,Page,Text,24,,35,Page 35 of Wild flowers of Western Canada,,Books/Wildflowers_of_Western_Canada/wildflowersofwes0000mcca_Page_035.jp2,,,,,,,,,,http://pcdm.org/use#OriginalFile,OpenSeadragon,Books/Wildflowers_of_Western_Canada/wildflowersofwes0000mcca_Page_035.jp2.thumbnail.jpg,Books/Wildflowers_of_Western_Canada/wildflowersofwes0000mcca_Page_035.jp2.service.jpg,Books/Wildflowers_of_Western_Canada/wildflowersofwes0000mcca_Page_035.jp2.fits.xml,
60,Page,Text,24,,36,Page 36 of Wild flowers of Western Canada,,Books/Wildflowers_of_Western_Canada/wildflowersofwes0000mcca_Page_036.jp2,,,,,,,,,,http://pcdm.org/use#OriginalFile,OpenSeadragon,Books/Wildflowers_of_Western_Canada/wildflowersofwes0000mcca_Page_036.jp2.thumbnail.jpg,Books/Wildflowers_of_Western_Canada/wildflowersofwes0000mcca_Page_036.jp2.service.jpg,Books/Wildflowers_of_Western_Canada/wildflowersofwes0000mcca_Page_036.jp2.fits.xml,
61,Page,Text,24,,37,Page 37 of Wild flowers of Western Canada,,Books/Wildflowers_of_Western_Canada/wildflowersofwes0000mcca_Page_037.jp2,,,,,,,,,,http://pcdm.org/use#OriginalFile,OpenSeadragon,Books/Wildflowers_of_Western_Canada/wildflowersofwes0000mcca_Page_037.jp2.thumbnail.jpg,Books/Wildflowers_of_Western_Canada/wildflowersofwes0000mcca_Page_037.jp2.service.jpg,Books/Wildflowers_of_Western_Canada/wildflowersofwes0000mcca_Page_037.jp2.fits.xml,
62,Page,Text,24,,38,Page 38 of Wild flowers of Western Canada,,Books/Wildflowers_of_Western_Canada/wildflowersofwes0000mcca_Page_038.jp2,,,,,,,,,,http://pcdm.org/use#OriginalFile,OpenSeadragon,Books/Wildflowers_of_Western_Canada/wildflowersofwes0000mcca_Page_038.jp2.thumbnail.jpg,Books/Wildflowers_of_Western_Canada/wildflowersofwes0000mcca_Page_038.jp2.service.jpg,Books/Wildflowers_of_Western_Canada/wildflowersofwes0000mcca_Page_038.jp2.fits.xml,
63,Page,Text,24,,39,Page 39 of Wild flowers of Western Canada,,Books/Wildflowers_of_Western_Canada/wildflowersofwes0000mcca_Page_039.jp2,,,,,,,,,,http://pcdm.org/use#OriginalFile,OpenSeadragon,Books/Wildflowers_of_Western_Canada/wildflowersofwes0000mcca_Page_039.jp2.thumbnail.jpg,Books/Wildflowers_of_Western_Canada/wildflowersofwes0000mcca_Page_039.jp2.service.jpg,Books/Wildflowers_of_Western_Canada/wildflowersofwes0000mcca_Page_039.jp2.fits.xml,
64,Page,Text,24,,40,Page 40 of Wild flowers of Western Canada,,Books/Wildflowers_of_Western_Canada/wildflowersofwes0000mcca_Page_040.jp2,,,,,,,,,,http://pcdm.org/use#OriginalFile,OpenSeadragon,Books/Wildflowers_of_Western_Canada/wildflowersofwes0000mcca_Page_040.jp2.thumbnail.jpg,Books/Wildflowers_of_Western_Canada/wildflowersofwes0000mcca_Page_040.jp2.service.jpg,Books/Wildflowers_of_Western_Canada/wildflowersofwes0000mcca_Page_040.jp2.fits.xml,
169,Compound Object,Collection,4,,,"Lucy Maud Montgomery Short Stories, 1896 - 1901",,Compound Objects/Compound_Sample_1_Audio_Tracks/LMM_signed_photo.jpeg,,,,,,,,relators:pbl:corporate_body:Librivox,"All Librivox recordings are in the public domain. For more information or to volunteer, please visit librivox.org.",http://pcdm.org/use#ThumbnailImage,,,,,
170,Audio,Sound,169,,1,A Case of Trespass,,Compound Objects/Compound_Sample_1_Audio_Tracks/LMM_ShortStory1.mp3,Transcript:subtitles:en:Compound Objects/Compound_Sample_1_Audio_Tracks/LMM_ShortStory1_Captions.vtt,,,,,,,relators:stl:person:Qadhafi|relators:aut:person:Lucy Maud Montgomery,,http://pcdm.org/use#OriginalFile,,,Compound Objects/Compound_Sample_1_Audio_Tracks/LMM_ShortStory1.mp3.service.mp3,Compound Objects/Compound_Sample_1_Audio_Tracks/LMM_ShortStory1.mp3.fits.xml,
171,Audio,Sound,169,,2,A Christmas Inspiration,,Compound Objects/Compound_Sample_1_Audio_Tracks/LMM_ShortStory2.mp3,Transcript:subtitles:en:Compound Objects/Compound_Sample_1_Audio_Tracks/LMM_ShortStory2_Captions.vtt,,,,,,,relators:aut:person:Lucy Maud Montgomery|relators:stl:person:Darcia Douglas,,http://pcdm.org/use#OriginalFile,,,Compound Objects/Compound_Sample_1_Audio_Tracks/LMM_ShortStory2.mp3.service.mp3,Compound Objects/Compound_Sample_1_Audio_Tracks/LMM_ShortStory2.mp3.fits.xml,
172,Compound Object,Collection,4,,,1910 Grand Parade,,Compound Objects/Compound_Sample_2_Postcard/Postcard_TN.png,,,,This black and white postcard from 1910 depicts a military parade in Charlottetown with pictures of children in the foreground.,subject:Parade|subject:Historical Photography,islandora:808,1910,relators:pbl:corporate_body:University of Prince Edward Island,"<a rel=""license"" href=""http://creativecommons.org/licenses/by-sa/4.0/""><img alt=""Creative Commons License"" style=""border-width:0"" src=""https://i.creativecommons.org/l/by-sa/4.0/88x31.png"" /></a><br />This work is licensed under a <a rel=""license"" href=""http://creativecommons.org/licenses/by-sa/4.0/"">Creative Commons Attribution-ShareAlike 4.0 International License</a>.",http://pcdm.org/use#ThumbnailImage,OpenSeadragon,,,,
173,Image,Still Image,172,,1,1910 Grand Parade Postcard Front,,Compound Objects/Compound_Sample_2_Postcard/postcard3.tif,,,,,,,,,,http://pcdm.org/use#OriginalFile,OpenSeadragon,Compound Objects/Compound_Sample_2_Postcard/postcard3.tif.thumbnail.jpg,Compound Objects/Compound_Sample_2_Postcard/postcard3.tif.service.jpg,Compound Objects/Compound_Sample_2_Postcard/postcard3.tif.fits.xml,Compound Objects/Compound_Sample_2_Postcard/postcard3.tif.extracted.txt
174,Image,Still Image,172,,2,1910 Grand Parade Postcard Back,,Compound Objects/Compound_Sample_2_Postcard/postcard4.tif,,,,,,,,,,http://pcdm.org/use#OriginalFile,OpenSeadragon,Compound Objects/Compound_Sample_2_Postcard/postcard4.tif.thumbnail.jpg,Compound Objects/Compound_Sample_2_Postcard/postcard4.tif.service.jpg,Compound Objects/Compound_Sample_2_Postcard/postcard4.tif.fits.xml,Compound Objects/Compound_Sample_2_Postcard/postcard4.tif.extracted.txt
175,Newspaper,Collection,7,,,University of Prince Edward Island Cadre,,Newspapers and Serials/The_Cadre_logo.jpg,,,,"The University of Prince Edward Island Cadre began publication on October 3, 1969. It was the successor to the Prince of Wales College Times and the St. Dunstan&apos;s University Red and White, both of which institutions were amalgamated to form U.P.E.I. in 1969. The Cadre printed U.P.E.I. news and sports, news from other universities and strongly worded articles on current social issues. Photographs were printed in every issue. The Cadre supported student rights, sexual freedom and women's liberation. It attacked capitalism, Christianity and the Canadian university system. Issues of particular concern included unemployment, inflation and the high cost of tuition. The Cadre became less radical and critical towards the end of its publication history. It was succeeded by the UPEI Sun in the fall of 1977",,,,relators:edt:person:Jim Hornby|relators:edt:person:Dennis MacKay|relators:pbl:corporate_body:University of Prince Edward Island,,http://pcdm.org/use#ThumbnailImage,,,,,
180,Publication Issue,Collection,175,,,"The Cadre: Special Issue (Volume 1., No. 10)",,Newspapers and Serials/Newspaper_Sample/Newspaper_Sample_TN.png,,,,Special Issue: What is the future of U.P.E.I? Can the proposed $100 raise in tuition and fees be justified? When do we get the provincial student aid?,,0839-2560,1969-01-21,,,http://pcdm.org/use#ThumbnailImage,,,,,
176,Page,Text,180,,1,Page 1,,Newspapers and Serials/Newspaper_Sample/19690121-001-010-001.tif,,,,,,,,,,http://pcdm.org/use#OriginalFile,OpenSeadragon,Newspapers and Serials/Newspaper_Sample/19690121-001-010-001.tif.thumbnail.jpg,Newspapers and Serials/Newspaper_Sample/19690121-001-010-001.tif.service.jpg,Newspapers and Serials/Newspaper_Sample/19690121-001-010-001.tif.fits.xml,Newspapers and Serials/Newspaper_Sample/19690121-001-010-001.tif.extracted.txt
177,Page,Text,180,,2,Page 2,,Newspapers and Serials/Newspaper_Sample/19690121-001-010-002.tif,,,,,,,,,,http://pcdm.org/use#OriginalFile,OpenSeadragon,Newspapers and Serials/Newspaper_Sample/19690121-001-010-002.tif.thumbnail.jpg,Newspapers and Serials/Newspaper_Sample/19690121-001-010-002.tif.service.jpg,Newspapers and Serials/Newspaper_Sample/19690121-001-010-002.tif.fits.xml,Newspapers and Serials/Newspaper_Sample/19690121-001-010-002.tif.extracted.txt
178,Page,Text,180,,3,Page 3,,Newspapers and Serials/Newspaper_Sample/19690121-001-010-003.tif,,,,,,,,,,http://pcdm.org/use#OriginalFile,OpenSeadragon,Newspapers and Serials/Newspaper_Sample/19690121-001-010-003.tif.thumbnail.jpg,Newspapers and Serials/Newspaper_Sample/19690121-001-010-003.tif.service.jpg,Newspapers and Serials/Newspaper_Sample/19690121-001-010-003.tif.fits.xml,Newspapers and Serials/Newspaper_Sample/19690121-001-010-003.tif.extracted.txt
179,Page,Text,180,,4,Page 4,,Newspapers and Serials/Newspaper_Sample/19690121-001-010-004.tif,,,,,,,,,,http://pcdm.org/use#OriginalFile,OpenSeadragon,Newspapers and Serials/Newspaper_Sample/19690121-001-010-004.tif.thumbnail.jpg,Newspapers and Serials/Newspaper_Sample/19690121-001-010-004.tif.service.jpg,Newspapers and Serials/Newspaper_Sample/19690121-001-010-004.tif.fits.xml,Newspapers and Serials/Newspaper_Sample/19690121-001-010-004.tif.extracted.txt
181,Publication Issue,Collection,175,,,"The Cadre (Volume 1., No. 08)",,Newspapers and Serials/Newspaper_Sample_2/Newspaper_Sample_2_TN.png,,,,"Council holds record meet! Students will advise departments, and MacKay walks out of senate",,19691205,1969-12-05,,,http://pcdm.org/use#ThumbnailImage,,,,,
182,Page,Text,181,,1,Page 1,,Newspapers and Serials/Newspaper_Sample_2/Page_1.tiff,,,,,,,,,,http://pcdm.org/use#OriginalFile,OpenSeadragon,Newspapers and Serials/Newspaper_Sample_2/Page_1.tiff.thumbnail.jpg,Newspapers and Serials/Newspaper_Sample_2/Page_1.tiff.service.jpg,Newspapers and Serials/Newspaper_Sample_2/Page_1.tiff.fits.xml,Newspapers and Serials/Newspaper_Sample_2/Page_1.tiff.extracted.txt
183,Page,Text,181,,2,Page 2,,Newspapers and Serials/Newspaper_Sample_2/Page_2.tiff,,,,,,,,,,http://pcdm.org/use#OriginalFile,OpenSeadragon,Newspapers and Serials/Newspaper_Sample_2/Page_2.tiff.thumbnail.jpg,Newspapers and Serials/Newspaper_Sample_2/Page_2.tiff.service.jpg,Newspapers and Serials/Newspaper_Sample_2/Page_2.tiff.fits.xml,Newspapers and Serials/Newspaper_Sample_2/Page_2.tiff.extracted.txt
184,Page,Text,181,,3,Page 3,,Newspapers and Serials/Newspaper_Sample_2/Page_3.tiff,,,,,,,,,,http://pcdm.org/use#OriginalFile,OpenSeadragon,Newspapers and Serials/Newspaper_Sample_2/Page_3.tiff.thumbnail.jpg,Newspapers and Serials/Newspaper_Sample_2/Page_3.tiff.service.jpg,Newspapers and Serials/Newspaper_Sample_2/Page_3.tiff.fits.xml,Newspapers and Serials/Newspaper_Sample_2/Page_3.tiff.extracted.txt
185,Page,Text,181,,4,Page 4,,Newspapers and Serials/Newspaper_Sample_2/Page_4.tiff,,,,,,,,,,http://pcdm.org/use#OriginalFile,OpenSeadragon,Newspapers and Serials/Newspaper_Sample_2/Page_4.tiff.thumbnail.jpg,Newspapers and Serials/Newspaper_Sample_2/Page_4.tiff.service.jpg,Newspapers and Serials/Newspaper_Sample_2/Page_4.tiff.fits.xml,Newspapers and Serials/Newspaper_Sample_2/Page_4.tiff.extracted.txt
186,Publication Issue,Collection,175,,,"The Cadre (Volume 1., No. 13)",,Newspapers and Serials/Newspaper_Sample_3/Newspaper_Sample_3_TN.png,,,,"English teachers protest rating, recommend abolition of 'Matrics' in English. War is over (if he wants it) Hilton fires activists No discipline for faculty members.",,19700220,1970-02-20,,,http://pcdm.org/use#ThumbnailImage,,,,,
187,Page,Text,186,,1,Page 1,,Newspapers and Serials/Newspaper_Sample_3/1970_pg1.tiff,,,,,,,,,,http://pcdm.org/use#OriginalFile,OpenSeadragon,Newspapers and Serials/Newspaper_Sample_3/1970_pg1.tiff.thumbnail.jpg,Newspapers and Serials/Newspaper_Sample_3/1970_pg1.tiff.service.jpg,Newspapers and Serials/Newspaper_Sample_3/1970_pg1.tiff.fits.xml,Newspapers and Serials/Newspaper_Sample_3/1970_pg1.tiff.extracted.txt
188,Page,Text,186,,2,Page 2,,Newspapers and Serials/Newspaper_Sample_3/1970_pg2.tiff,,,,,,,,,,http://pcdm.org/use#OriginalFile,OpenSeadragon,Newspapers and Serials/Newspaper_Sample_3/1970_pg2.tiff.thumbnail.jpg,Newspapers and Serials/Newspaper_Sample_3/1970_pg2.tiff.service.jpg,Newspapers and Serials/Newspaper_Sample_3/1970_pg2.tiff.fits.xml,Newspapers and Serials/Newspaper_Sample_3/1970_pg2.tiff.extracted.txt
189,Page,Text,186,,3,Page 3,,Newspapers and Serials/Newspaper_Sample_3/1970_pg3.tiff,,,,,,,,,,http://pcdm.org/use#OriginalFile,OpenSeadragon,Newspapers and Serials/Newspaper_Sample_3/1970_pg3.tiff.thumbnail.jpg,Newspapers and Serials/Newspaper_Sample_3/1970_pg3.tiff.service.jpg,Newspapers and Serials/Newspaper_Sample_3/1970_pg3.tiff.fits.xml,Newspapers and Serials/Newspaper_Sample_3/1970_pg3.tiff.extracted.txt
190,Page,Text,186,,4,Page 4,,Newspapers and Serials/Newspaper_Sample_3/1970_pg4.tiff,,,,,,,,,,http://pcdm.org/use#OriginalFile,OpenSeadragon,Newspapers and Serials/Newspaper_Sample_3/1970_pg4.tiff.thumbnail.jpg,Newspapers and Serials/Newspaper_Sample_3/1970_pg4.tiff.service.jpg,Newspapers and Serials/Newspaper_Sample_3/1970_pg4.tiff.fits.xml,Newspapers and Serials/Newspaper_Sample_3/1970_pg4.tiff.extracted.txt
191,Page,Text,186,,5,Page 5,,Newspapers and Serials/Newspaper_Sample_3/1970_pg5.tiff,,,,,,,,,,http://pcdm.org/use#OriginalFile,OpenSeadragon,Newspapers and Serials/Newspaper_Sample_3/1970_pg5.tiff.thumbnail.jpg,Newspapers and Serials/Newspaper_Sample_3/1970_pg5.tiff.service.jpg,Newspapers and Serials/Newspaper_Sample_3/1970_pg5.tiff.fits.xml,Newspapers and Serials/Newspaper_Sample_3/1970_pg5.tiff.extracted.txt
192,Page,Text,186,,6,Page 6,,Newspapers and Serials/Newspaper_Sample_3/1970_pg6.tiff,,,,,,,,,,http://pcdm.org/use#OriginalFile,OpenSeadragon,Newspapers and Serials/Newspaper_Sample_3/1970_pg6.tiff.thumbnail.jpg,Newspapers and Serials/Newspaper_Sample_3/1970_pg6.tiff.service.jpg,Newspapers and Serials/Newspaper_Sample_3/1970_pg6.tiff.fits.xml,Newspapers and Serials/Newspaper_Sample_3/1970_pg6.tiff.extracted.txt
193,Page,Text,186,,7,Page 7,,Newspapers and Serials/Newspaper_Sample_3/1970_pg7.tiff,,,,,,,,,,http://pcdm.org/use#OriginalFile,OpenSeadragon,Newspapers and Serials/Newspaper_Sample_3/1970_pg7.tiff.thumbnail.jpg,Newspapers and Serials/Newspaper_Sample_3/1970_pg7.tiff.service.jpg,Newspapers and Serials/Newspaper_Sample_3/1970_pg7.tiff.fits.xml,Newspapers and Serials/Newspaper_Sample_3/1970_pg7.tiff.extracted.txt
194,Page,Text,186,,8,Page 8,,Newspapers and Serials/Newspaper_Sample_3/1970_pg8.tiff,,,,,,,,,,http://pcdm.org/use#OriginalFile,OpenSeadragon,Newspapers and Serials/Newspaper_Sample_3/1970_pg8.tiff.thumbnail.jpg,Newspapers and Serials/Newspaper_Sample_3/1970_pg8.tiff.service.jpg,Newspapers and Serials/Newspaper_Sample_3/1970_pg8.tiff.fits.xml,Newspapers and Serials/Newspaper_Sample_3/1970_pg8.tiff.extracted.txt
195,Page,Text,186,,9,Page 9,,Newspapers and Serials/Newspaper_Sample_3/1970_pg9.tiff,,,,,,,,,,http://pcdm.org/use#OriginalFile,OpenSeadragon,Newspapers and Serials/Newspaper_Sample_3/1970_pg9.tiff.thumbnail.jpg,Newspapers and Serials/Newspaper_Sample_3/1970_pg9.tiff.service.jpg,Newspapers and Serials/Newspaper_Sample_3/1970_pg9.tiff.fits.xml,Newspapers and Serials/Newspaper_Sample_3/1970_pg9.tiff.extracted.txt
196,Page,Text,186,,10,Page 10,,Newspapers and Serials/Newspaper_Sample_3/1970_pg10.tiff,,,,,,,,,,http://pcdm.org/use#OriginalFile,OpenSeadragon,Newspapers and Serials/Newspaper_Sample_3/1970_pg10.tiff.thumbnail.jpg,Newspapers and Serials/Newspaper_Sample_3/1970_pg10.tiff.service.jpg,Newspapers and Serials/Newspaper_Sample_3/1970_pg10.tiff.fits.xml,Newspapers and Serials/Newspaper_Sample_3/1970_pg10.tiff.extracted.txt
200,Paged Content,Collection,2,,,The Picture of Dorian Gray,Books/doriangray/doriangray-mods.xml,Books/doriangray/doriangray.jpg,,,,A book about how it’s cool to party and there’s no consequences.,Fiction,,1893,relators:aut:person:Oscar Wilde,Free eBook from the Internet Archive,http://pcdm.org/use#ThumbnailImage,,,,,
201,Page,Still Image,200,,1,The Picture of Dorian Gray Page 1,,Books/doriangray/pictureofdoriang00wildiala_0001.jp2,,,,,,,,,,,,,,,
202,Page,Still Image,200,,2,The Picture of Dorian Gray Page 2,,Books/doriangray/pictureofdoriang00wildiala_0002.jp2,,,,,,,,,,,,,,,
203,Page,Still Image,200,,3,The Picture of Dorian Gray Page 3,,Books/doriangray/pictureofdoriang00wildiala_0003.jp2,,,,,,,,,,,,,,,
204,Page,Still Image,200,,4,The Picture of Dorian Gray Page 4,,Books/doriangray/pictureofdoriang00wildiala_0004.jp2,,,,,,,,,,,,,,,
205,Page,Still Image,200,,5,The Picture of Dorian Gray Page 5,,Books/doriangray/pictureofdoriang00wildiala_0005.jp2,,,,,,,,,,,,,,,
206,Page,Still Image,200,,6,The Picture of Dorian Gray Page 6,,Books/doriangray/pictureofdoriang00wildiala_0006.jp2,,,,,,,,,,,,,,,
207,Page,Still Image,200,,7,The Picture of Dorian Gray Page 7,,Books/doriangray/pictureofdoriang00wildiala_0007.jp2,,,,,,,,,,,,,,,
208,Page,Still Image,200,,8,The Picture of Dorian Gray Page 8,,Books/doriangray/pictureofdoriang00wildiala_0008.jp2,,,,,,,,,,,,,,,
209,Page,Still Image,200,,9,The Picture of Dorian Gray Page 9,,Books/doriangray/pictureofdoriang00wildiala_0009.jp2,,,,,,,,,,,,,,,
210,Page,Still Image,200,,10,The Picture of Dorian Gray Page 10,,Books/doriangray/pictureofdoriang00wildiala_0010.jp2,,,,,,,,,,,,,,,
211,Page,Still Image,200,,11,The Picture of Dorian Gray Page 11,,Books/doriangray/pictureofdoriang00wildiala_0011.jp2,,,,,,,,,,,,,,,
212,Page,Still Image,200,,12,The Picture of Dorian Gray Page 12,,Books/doriangray/pictureofdoriang00wildiala_0012.jp2,,,,,,,,,,,,,,,
213,Page,Still Image,200,,13,The Picture of Dorian Gray Page 13,,Books/doriangray/pictureofdoriang00wildiala_0013.jp2,,,,,,,,,,,,,,,
214,Page,Still Image,200,,14,The Picture of Dorian Gray Page 14,,Books/doriangray/pictureofdoriang00wildiala_0014.jp2,,,,,,,,,,,,,,,
215,Page,Still Image,200,,15,The Picture of Dorian Gray Page 15,,Books/doriangray/pictureofdoriang00wildiala_0015.jp2,,,,,,,,,,,,,,,
216,Page,Still Image,200,,16,The Picture of Dorian Gray Page 16,,Books/doriangray/pictureofdoriang00wildiala_0016.jp2,,,,,,,,,,,,,,,
217,Page,Still Image,200,,17,The Picture of Dorian Gray Page 17,,Books/doriangray/pictureofdoriang00wildiala_0017.jp2,,,,,,,,,,,,,,,
218,Page,Still Image,200,,18,The Picture of Dorian Gray Page 18,,Books/doriangray/pictureofdoriang00wildiala_0018.jp2,,,,,,,,,,,,,,,
219,Page,Still Image,200,,19,The Picture of Dorian Gray Page 19,,Books/doriangray/pictureofdoriang00wildiala_0019.jp2,,,,,,,,,,,,,,,
220,Page,Still Image,200,,20,The Picture of Dorian Gray Page 20,,Books/doriangray/pictureofdoriang00wildiala_0020.jp2,,,,,,,,,,,,,,,
221,Page,Still Image,200,,21,The Picture of Dorian Gray Page 21,,Books/doriangray/pictureofdoriang00wildiala_0021.jp2,,,,,,,,,,,,,,,
222,Page,Still Image,200,,22,The Picture of Dorian Gray Page 22,,Books/doriangray/pictureofdoriang00wildiala_0022.jp2,,,,,,,,,,,,,,,
223,Page,Still Image,200,,23,The Picture of Dorian Gray Page 23,,Books/doriangray/pictureofdoriang00wildiala_0023.jp2,,,,,,,,,,,,,,,
224,Page,Still Image,200,,24,The Picture of Dorian Gray Page 24,,Books/doriangray/pictureofdoriang00wildiala_0024.jp2,,,,,,,,,,,,,,,
225,Page,Still Image,200,,25,The Picture of Dorian Gray Page 25,,Books/doriangray/pictureofdoriang00wildiala_0025.jp2,,,,,,,,,,,,,,,
226,Page,Still Image,200,,26,The Picture of Dorian Gray Page 26,,Books/doriangray/pictureofdoriang00wildiala_0026.jp2,,,,,,,,,,,,,,,
227,Page,Still Image,200,,27,The Picture of Dorian Gray Page 27,,Books/doriangray/pictureofdoriang00wildiala_0027.jp2,,,,,,,,,,,,,,,
228,Page,Still Image,200,,28,The Picture of Dorian Gray Page 28,,Books/doriangray/pictureofdoriang00wildiala_0028.jp2,,,,,,,,,,,,,,,
229,Page,Still Image,200,,29,The Picture of Dorian Gray Page 29,,Books/doriangray/pictureofdoriang00wildiala_0029.jp2,,,,,,,,,,,,,,,
230,Page,Still Image,200,,30,The Picture of Dorian Gray Page 30,,Books/doriangray/pictureofdoriang00wildiala_0030.jp2,,,,,,,,,,,,,,,
231,Page,Still Image,200,,31,The Picture of Dorian Gray Page 31,,Books/doriangray/pictureofdoriang00wildiala_0031.jp2,,,,,,,,,,,,,,,
232,Page,Still Image,200,,32,The Picture of Dorian Gray Page 32,,Books/doriangray/pictureofdoriang00wildiala_0032.jp2,,,,,,,,,,,,,,,
233,Page,Still Image,200,,33,The Picture of Dorian Gray Page 33,,Books/doriangray/pictureofdoriang00wildiala_0033.jp2,,,,,,,,,,,,,,,
234,Page,Still Image,200,,34,The Picture of Dorian Gray Page 34,,Books/doriangray/pictureofdoriang00wildiala_0034.jp2,,,,,,,,,,,,,,,
235,Page,Still Image,200,,35,The Picture of Dorian Gray Page 35,,Books/doriangray/pictureofdoriang00wildiala_0035.jp2,,,,,,,,,,,,,,,
236,Page,Still Image,200,,36,The Picture of Dorian Gray Page 36,,Books/doriangray/pictureofdoriang00wildiala_0036.jp2,,,,,,,,,,,,,,,
237,Page,Still Image,200,,37,The Picture of Dorian Gray Page 37,,Books/doriangray/pictureofdoriang00wildiala_0037.jp2,,,,,,,,,,,,,,,
238,Page,Still Image,200,,38,The Picture of Dorian Gray Page 38,,Books/doriangray/pictureofdoriang00wildiala_0038.jp2,,,,,,,,,,,,,,,
239,Page,Still Image,200,,39,The Picture of Dorian Gray Page 39,,Books/doriangray/pictureofdoriang00wildiala_0039.jp2,,,,,,,,,,,,,,,
240,Page,Still Image,200,,40,The Picture of Dorian Gray Page 40,,Books/doriangray/pictureofdoriang00wildiala_0040.jp2,,,,,,,,,,,,,,,
241,Page,Still Image,200,,41,The Picture of Dorian Gray Page 41,,Books/doriangray/pictureofdoriang00wildiala_0041.jp2,,,,,,,,,,,,,,,
242,Page,Still Image,200,,42,The Picture of Dorian Gray Page 42,,Books/doriangray/pictureofdoriang00wildiala_0042.jp2,,,,,,,,,,,,,,,
243,Page,Still Image,200,,43,The Picture of Dorian Gray Page 43,,Books/doriangray/pictureofdoriang00wildiala_0043.jp2,,,,,,,,,,,,,,,
244,Page,Still Image,200,,44,The Picture of Dorian Gray Page 44,,Books/doriangray/pictureofdoriang00wildiala_0044.jp2,,,,,,,,,,,,,,,
245,Page,Still Image,200,,45,The Picture of Dorian Gray Page 45,,Books/doriangray/pictureofdoriang00wildiala_0045.jp2,,,,,,,,,,,,,,,
246,Page,Still Image,200,,46,The Picture of Dorian Gray Page 46,,Books/doriangray/pictureofdoriang00wildiala_0046.jp2,,,,,,,,,,,,,,,
247,Page,Still Image,200,,47,The Picture of Dorian Gray Page 47,,Books/doriangray/pictureofdoriang00wildiala_0047.jp2,,,,,,,,,,,,,,,
248,Page,Still Image,200,,48,The Picture of Dorian Gray Page 48,,Books/doriangray/pictureofdoriang00wildiala_0048.jp2,,,,,,,,,,,,,,,
249,Page,Still Image,200,,49,The Picture of Dorian Gray Page 49,,Books/doriangray/pictureofdoriang00wildiala_0049.jp2,,,,,,,,,,,,,,,
250,Page,Still Image,200,,50,The Picture of Dorian Gray Page 50,,Books/doriangray/pictureofdoriang00wildiala_0050.jp2,,,,,,,,,,,,,,,
251,Page,Still Image,200,,51,The Picture of Dorian Gray Page 51,,Books/doriangray/pictureofdoriang00wildiala_0051.jp2,,,,,,,,,,,,,,,
252,Page,Still Image,200,,52,The Picture of Dorian Gray Page 52,,Books/doriangray/pictureofdoriang00wildiala_0052.jp2,,,,,,,,,,,,,,,
253,Page,Still Image,200,,53,The Picture of Dorian Gray Page 53,,Books/doriangray/pictureofdoriang00wildiala_0053.jp2,,,,,,,,,,,,,,,
254,Page,Still Image,200,,54,The Picture of Dorian Gray Page 54,,Books/doriangray/pictureofdoriang00wildiala_0054.jp2,,,,,,,,,,,,,,,
255,Page,Still Image,200,,55,The Picture of Dorian Gray Page 55,,Books/doriangray/pictureofdoriang00wildiala_0055.jp2,,,,,,,,,,,,,,,
256,Page,Still Image,200,,56,The Picture of Dorian Gray Page 56,,Books/doriangray/pictureofdoriang00wildiala_0056.jp2,,,,,,,,,,,,,,,
257,Page,Still Image,200,,57,The Picture of Dorian Gray Page 57,,Books/doriangray/pictureofdoriang00wildiala_0057.jp2,,,,,,,,,,,,,,,
258,Page,Still Image,200,,58,The Picture of Dorian Gray Page 58,,Books/doriangray/pictureofdoriang00wildiala_0058.jp2,,,,,,,,,,,,,,,
259,Page,Still Image,200,,59,The Picture of Dorian Gray Page 59,,Books/doriangray/pictureofdoriang00wildiala_0059.jp2,,,,,,,,,,,,,,,
260,Page,Still Image,200,,60,The Picture of Dorian Gray Page 60,,Books/doriangray/pictureofdoriang00wildiala_0060.jp2,,,,,,,,,,,,,,,
261,Page,Still Image,200,,61,The Picture of Dorian Gray Page 61,,Books/doriangray/pictureofdoriang00wildiala_0061.jp2,,,,,,,,,,,,,,,
262,Page,Still Image,200,,62,The Picture of Dorian Gray Page 62,,Books/doriangray/pictureofdoriang00wildiala_0062.jp2,,,,,,,,,,,,,,,
263,Page,Still Image,200,,63,The Picture of Dorian Gray Page 63,,Books/doriangray/pictureofdoriang00wildiala_0063.jp2,,,,,,,,,,,,,,,
264,Page,Still Image,200,,64,The Picture of Dorian Gray Page 64,,Books/doriangray/pictureofdoriang00wildiala_0064.jp2,,,,,,,,,,,,,,,
265,Page,Still Image,200,,65,The Picture of Dorian Gray Page 65,,Books/doriangray/pictureofdoriang00wildiala_0065.jp2,,,,,,,,,,,,,,,
266,Page,Still Image,200,,66,The Picture of Dorian Gray Page 66,,Books/doriangray/pictureofdoriang00wildiala_0066.jp2,,,,,,,,,,,,,,,
267,Page,Still Image,200,,67,The Picture of Dorian Gray Page 67,,Books/doriangray/pictureofdoriang00wildiala_0067.jp2,,,,,,,,,,,,,,,
268,Page,Still Image,200,,68,The Picture of Dorian Gray Page 68,,Books/doriangray/pictureofdoriang00wildiala_0068.jp2,,,,,,,,,,,,,,,
269,Page,Still Image,200,,69,The Picture of Dorian Gray Page 69,,Books/doriangray/pictureofdoriang00wildiala_0069.jp2,,,,,,,,,,,,,,,
270,Page,Still Image,200,,70,The Picture of Dorian Gray Page 70,,Books/doriangray/pictureofdoriang00wildiala_0070.jp2,,,,,,,,,,,,,,,
271,Page,Still Image,200,,71,The Picture of Dorian Gray Page 71,,Books/doriangray/pictureofdoriang00wildiala_0071.jp2,,,,,,,,,,,,,,,
272,Page,Still Image,200,,72,The Picture of Dorian Gray Page 72,,Books/doriangray/pictureofdoriang00wildiala_0072.jp2,,,,,,,,,,,,,,,
273,Page,Still Image,200,,73,The Picture of Dorian Gray Page 73,,Books/doriangray/pictureofdoriang00wildiala_0073.jp2,,,,,,,,,,,,,,,
274,Page,Still Image,200,,74,The Picture of Dorian Gray Page 74,,Books/doriangray/pictureofdoriang00wildiala_0074.jp2,,,,,,,,,,,,,,,
275,Page,Still Image,200,,75,The Picture of Dorian Gray Page 75,,Books/doriangray/pictureofdoriang00wildiala_0075.jp2,,,,,,,,,,,,,,,
276,Page,Still Image,200,,76,The Picture of Dorian Gray Page 76,,Books/doriangray/pictureofdoriang00wildiala_0076.jp2,,,,,,,,,,,,,,,
277,Page,Still Image,200,,77,The Picture of Dorian Gray Page 77,,Books/doriangray/pictureofdoriang00wildiala_0077.jp2,,,,,,,,,,,,,,,
278,Page,Still Image,200,,78,The Picture of Dorian Gray Page 78,,Books/doriangray/pictureofdoriang00wildiala_0078.jp2,,,,,,,,,,,,,,,
279,Page,Still Image,200,,79,The Picture of Dorian Gray Page 79,,Books/doriangray/pictureofdoriang00wildiala_0079.jp2,,,,,,,,,,,,,,,
280,Page,Still Image,200,,80,The Picture of Dorian Gray Page 80,,Books/doriangray/pictureofdoriang00wildiala_0080.jp2,,,,,,,,,,,,,,,
281,Page,Still Image,200,,81,The Picture of Dorian Gray Page 81,,Books/doriangray/pictureofdoriang00wildiala_0081.jp2,,,,,,,,,,,,,,,
282,Page,Still Image,200,,82,The Picture of Dorian Gray Page 82,,Books/doriangray/pictureofdoriang00wildiala_0082.jp2,,,,,,,,,,,,,,,
283,Page,Still Image,200,,83,The Picture of Dorian Gray Page 83,,Books/doriangray/pictureofdoriang00wildiala_0083.jp2,,,,,,,,,,,,,,,
284,Page,Still Image,200,,84,The Picture of Dorian Gray Page 84,,Books/doriangray/pictureofdoriang00wildiala_0084.jp2,,,,,,,,,,,,,,,
285,Page,Still Image,200,,85,The Picture of Dorian Gray Page 85,,Books/doriangray/pictureofdoriang00wildiala_0085.jp2,,,,,,,,,,,,,,,
286,Page,Still Image,200,,86,The Picture of Dorian Gray Page 86,,Books/doriangray/pictureofdoriang00wildiala_0086.jp2,,,,,,,,,,,,,,,
287,Page,Still Image,200,,87,The Picture of Dorian Gray Page 87,,Books/doriangray/pictureofdoriang00wildiala_0087.jp2,,,,,,,,,,,,,,,
288,Page,Still Image,200,,88,The Picture of Dorian Gray Page 88,,Books/doriangray/pictureofdoriang00wildiala_0088.jp2,,,,,,,,,,,,,,,
289,Page,Still Image,200,,89,The Picture of Dorian Gray Page 89,,Books/doriangray/pictureofdoriang00wildiala_0089.jp2,,,,,,,,,,,,,,,
290,Page,Still Image,200,,90,The Picture of Dorian Gray Page 90,,Books/doriangray/pictureofdoriang00wildiala_0090.jp2,,,,,,,,,,,,,,,
291,Page,Still Image,200,,91,The Picture of Dorian Gray Page 91,,Books/doriangray/pictureofdoriang00wildiala_0091.jp2,,,,,,,,,,,,,,,
292,Page,Still Image,200,,92,The Picture of Dorian Gray Page 92,,Books/doriangray/pictureofdoriang00wildiala_0092.jp2,,,,,,,,,,,,,,,
293,Page,Still Image,200,,93,The Picture of Dorian Gray Page 93,,Books/doriangray/pictureofdoriang00wildiala_0093.jp2,,,,,,,,,,,,,,,
294,Page,Still Image,200,,94,The Picture of Dorian Gray Page 94,,Books/doriangray/pictureofdoriang00wildiala_0094.jp2,,,,,,,,,,,,,,,
295,Page,Still Image,200,,95,The Picture of Dorian Gray Page 95,,Books/doriangray/pictureofdoriang00wildiala_0095.jp2,,,,,,,,,,,,,,,
296,Page,Still Image,200,,96,The Picture of Dorian Gray Page 96,,Books/doriangray/pictureofdoriang00wildiala_0096.jp2,,,,,,,,,,,,,,,
297,Page,Still Image,200,,97,The Picture of Dorian Gray Page 97,,Books/doriangray/pictureofdoriang00wildiala_0097.jp2,,,,,,,,,,,,,,,
298,Page,Still Image,200,,98,The Picture of Dorian Gray Page 98,,Books/doriangray/pictureofdoriang00wildiala_0098.jp2,,,,,,,,,,,,,,,
299,Page,Still Image,200,,99,The Picture of Dorian Gray Page 99,,Books/doriangray/pictureofdoriang00wildiala_0099.jp2,,,,,,,,,,,,,,,
300,Page,Still Image,200,,100,The Picture of Dorian Gray Page 100,,Books/doriangray/pictureofdoriang00wildiala_0100.jp2,,,,,,,,,,,,,,,
301,Page,Still Image,200,,101,The Picture of Dorian Gray Page 101,,Books/doriangray/pictureofdoriang00wildiala_0101.jp2,,,,,,,,,,,,,,,
302,Page,Still Image,200,,102,The Picture of Dorian Gray Page 102,,Books/doriangray/pictureofdoriang00wildiala_0102.jp2,,,,,,,,,,,,,,,
303,Page,Still Image,200,,103,The Picture of Dorian Gray Page 103,,Books/doriangray/pictureofdoriang00wildiala_0103.jp2,,,,,,,,,,,,,,,
304,Page,Still Image,200,,104,The Picture of Dorian Gray Page 104,,Books/doriangray/pictureofdoriang00wildiala_0104.jp2,,,,,,,,,,,,,,,
305,Page,Still Image,200,,105,The Picture of Dorian Gray Page 105,,Books/doriangray/pictureofdoriang00wildiala_0105.jp2,,,,,,,,,,,,,,,
306,Page,Still Image,200,,106,The Picture of Dorian Gray Page 106,,Books/doriangray/pictureofdoriang00wildiala_0106.jp2,,,,,,,,,,,,,,,
307,Page,Still Image,200,,107,The Picture of Dorian Gray Page 107,,Books/doriangray/pictureofdoriang00wildiala_0107.jp2,,,,,,,,,,,,,,,
308,Page,Still Image,200,,108,The Picture of Dorian Gray Page 108,,Books/doriangray/pictureofdoriang00wildiala_0108.jp2,,,,,,,,,,,,,,,
309,Page,Still Image,200,,109,The Picture of Dorian Gray Page 109,,Books/doriangray/pictureofdoriang00wildiala_0109.jp2,,,,,,,,,,,,,,,
310,Page,Still Image,200,,110,The Picture of Dorian Gray Page 110,,Books/doriangray/pictureofdoriang00wildiala_0110.jp2,,,,,,,,,,,,,,,
311,Page,Still Image,200,,111,The Picture of Dorian Gray Page 111,,Books/doriangray/pictureofdoriang00wildiala_0111.jp2,,,,,,,,,,,,,,,
312,Page,Still Image,200,,112,The Picture of Dorian Gray Page 112,,Books/doriangray/pictureofdoriang00wildiala_0112.jp2,,,,,,,,,,,,,,,
313,Page,Still Image,200,,113,The Picture of Dorian Gray Page 113,,Books/doriangray/pictureofdoriang00wildiala_0113.jp2,,,,,,,,,,,,,,,
314,Page,Still Image,200,,114,The Picture of Dorian Gray Page 114,,Books/doriangray/pictureofdoriang00wildiala_0114.jp2,,,,,,,,,,,,,,,
315,Page,Still Image,200,,115,The Picture of Dorian Gray Page 115,,Books/doriangray/pictureofdoriang00wildiala_0115.jp2,,,,,,,,,,,,,,,
316,Page,Still Image,200,,116,The Picture of Dorian Gray Page 116,,Books/doriangray/pictureofdoriang00wildiala_0116.jp2,,,,,,,,,,,,,,,
317,Page,Still Image,200,,117,The Picture of Dorian Gray Page 117,,Books/doriangray/pictureofdoriang00wildiala_0117.jp2,,,,,,,,,,,,,,,
318,Page,Still Image,200,,118,The Picture of Dorian Gray Page 118,,Books/doriangray/pictureofdoriang00wildiala_0118.jp2,,,,,,,,,,,,,,,
319,Page,Still Image,200,,119,The Picture of Dorian Gray Page 119,,Books/doriangray/pictureofdoriang00wildiala_0119.jp2,,,,,,,,,,,,,,,
320,Page,Still Image,200,,120,The Picture of Dorian Gray Page 120,,Books/doriangray/pictureofdoriang00wildiala_0120.jp2,,,,,,,,,,,,,,,
321,Page,Still Image,200,,121,The Picture of Dorian Gray Page 121,,Books/doriangray/pictureofdoriang00wildiala_0121.jp2,,,,,,,,,,,,,,,
322,Page,Still Image,200,,122,The Picture of Dorian Gray Page 122,,Books/doriangray/pictureofdoriang00wildiala_0122.jp2,,,,,,,,,,,,,,,
323,Page,Still Image,200,,123,The Picture of Dorian Gray Page 123,,Books/doriangray/pictureofdoriang00wildiala_0123.jp2,,,,,,,,,,,,,,,
324,Page,Still Image,200,,124,The Picture of Dorian Gray Page 124,,Books/doriangray/pictureofdoriang00wildiala_0124.jp2,,,,,,,,,,,,,,,
325,Page,Still Image,200,,125,The Picture of Dorian Gray Page 125,,Books/doriangray/pictureofdoriang00wildiala_0125.jp2,,,,,,,,,,,,,,,
326,Page,Still Image,200,,126,The Picture of Dorian Gray Page 126,,Books/doriangray/pictureofdoriang00wildiala_0126.jp2,,,,,,,,,,,,,,,
327,Page,Still Image,200,,127,The Picture of Dorian Gray Page 127,,Books/doriangray/pictureofdoriang00wildiala_0127.jp2,,,,,,,,,,,,,,,
328,Page,Still Image,200,,128,The Picture of Dorian Gray Page 128,,Books/doriangray/pictureofdoriang00wildiala_0128.jp2,,,,,,,,,,,,,,,
329,Page,Still Image,200,,129,The Picture of Dorian Gray Page 129,,Books/doriangray/pictureofdoriang00wildiala_0129.jp2,,,,,,,,,,,,,,,
330,Page,Still Image,200,,130,The Picture of Dorian Gray Page 130,,Books/doriangray/pictureofdoriang00wildiala_0130.jp2,,,,,,,,,,,,,,,
331,Page,Still Image,200,,131,The Picture of Dorian Gray Page 131,,Books/doriangray/pictureofdoriang00wildiala_0131.jp2,,,,,,,,,,,,,,,
332,Page,Still Image,200,,132,The Picture of Dorian Gray Page 132,,Books/doriangray/pictureofdoriang00wildiala_0132.jp2,,,,,,,,,,,,,,,
333,Page,Still Image,200,,133,The Picture of Dorian Gray Page 133,,Books/doriangray/pictureofdoriang00wildiala_0133.jp2,,,,,,,,,,,,,,,
334,Page,Still Image,200,,134,The Picture of Dorian Gray Page 134,,Books/doriangray/pictureofdoriang00wildiala_0134.jp2,,,,,,,,,,,,,,,
335,Page,Still Image,200,,135,The Picture of Dorian Gray Page 135,,Books/doriangray/pictureofdoriang00wildiala_0135.jp2,,,,,,,,,,,,,,,
336,Page,Still Image,200,,136,The Picture of Dorian Gray Page 136,,Books/doriangray/pictureofdoriang00wildiala_0136.jp2,,,,,,,,,,,,,,,
337,Page,Still Image,200,,137,The Picture of Dorian Gray Page 137,,Books/doriangray/pictureofdoriang00wildiala_0137.jp2,,,,,,,,,,,,,,,
338,Page,Still Image,200,,138,The Picture of Dorian Gray Page 138,,Books/doriangray/pictureofdoriang00wildiala_0138.jp2,,,,,,,,,,,,,,,
339,Page,Still Image,200,,139,The Picture of Dorian Gray Page 139,,Books/doriangray/pictureofdoriang00wildiala_0139.jp2,,,,,,,,,,,,,,,
340,Page,Still Image,200,,140,The Picture of Dorian Gray Page 140,,Books/doriangray/pictureofdoriang00wildiala_0140.jp2,,,,,,,,,,,,,,,
341,Page,Still Image,200,,141,The Picture of Dorian Gray Page 141,,Books/doriangray/pictureofdoriang00wildiala_0141.jp2,,,,,,,,,,,,,,,
342,Page,Still Image,200,,142,The Picture of Dorian Gray Page 142,,Books/doriangray/pictureofdoriang00wildiala_0142.jp2,,,,,,,,,,,,,,,
343,Page,Still Image,200,,143,The Picture of Dorian Gray Page 143,,Books/doriangray/pictureofdoriang00wildiala_0143.jp2,,,,,,,,,,,,,,,
344,Page,Still Image,200,,144,The Picture of Dorian Gray Page 144,,Books/doriangray/pictureofdoriang00wildiala_0144.jp2,,,,,,,,,,,,,,,
345,Page,Still Image,200,,145,The Picture of Dorian Gray Page 145,,Books/doriangray/pictureofdoriang00wildiala_0145.jp2,,,,,,,,,,,,,,,
346,Page,Still Image,200,,146,The Picture of Dorian Gray Page 146,,Books/doriangray/pictureofdoriang00wildiala_0146.jp2,,,,,,,,,,,,,,,
347,Page,Still Image,200,,147,The Picture of Dorian Gray Page 147,,Books/doriangray/pictureofdoriang00wildiala_0147.jp2,,,,,,,,,,,,,,,
348,Page,Still Image,200,,148,The Picture of Dorian Gray Page 148,,Books/doriangray/pictureofdoriang00wildiala_0148.jp2,,,,,,,,,,,,,,,
349,Page,Still Image,200,,149,The Picture of Dorian Gray Page 149,,Books/doriangray/pictureofdoriang00wildiala_0149.jp2,,,,,,,,,,,,,,,
350,Page,Still Image,200,,150,The Picture of Dorian Gray Page 150,,Books/doriangray/pictureofdoriang00wildiala_0150.jp2,,,,,,,,,,,,,,,
351,Page,Still Image,200,,151,The Picture of Dorian Gray Page 151,,Books/doriangray/pictureofdoriang00wildiala_0151.jp2,,,,,,,,,,,,,,,
352,Page,Still Image,200,,152,The Picture of Dorian Gray Page 152,,Books/doriangray/pictureofdoriang00wildiala_0152.jp2,,,,,,,,,,,,,,,
353,Page,Still Image,200,,153,The Picture of Dorian Gray Page 153,,Books/doriangray/pictureofdoriang00wildiala_0153.jp2,,,,,,,,,,,,,,,
354,Page,Still Image,200,,154,The Picture of Dorian Gray Page 154,,Books/doriangray/pictureofdoriang00wildiala_0154.jp2,,,,,,,,,,,,,,,
355,Page,Still Image,200,,155,The Picture of Dorian Gray Page 155,,Books/doriangray/pictureofdoriang00wildiala_0155.jp2,,,,,,,,,,,,,,,
356,Page,Still Image,200,,156,The Picture of Dorian Gray Page 156,,Books/doriangray/pictureofdoriang00wildiala_0156.jp2,,,,,,,,,,,,,,,
357,Page,Still Image,200,,157,The Picture of Dorian Gray Page 157,,Books/doriangray/pictureofdoriang00wildiala_0157.jp2,,,,,,,,,,,,,,,
358,Page,Still Image,200,,158,The Picture of Dorian Gray Page 158,,Books/doriangray/pictureofdoriang00wildiala_0158.jp2,,,,,,,,,,,,,,,
359,Page,Still Image,200,,159,The Picture of Dorian Gray Page 159,,Books/doriangray/pictureofdoriang00wildiala_0159.jp2,,,,,,,,,,,,,,,
360,Page,Still Image,200,,160,The Picture of Dorian Gray Page 160,,Books/doriangray/pictureofdoriang00wildiala_0160.jp2,,,,,,,,,,,,,,,
361,Page,Still Image,200,,161,The Picture of Dorian Gray Page 161,,Books/doriangray/pictureofdoriang00wildiala_0161.jp2,,,,,,,,,,,,,,,
362,Page,Still Image,200,,162,The Picture of Dorian Gray Page 162,,Books/doriangray/pictureofdoriang00wildiala_0162.jp2,,,,,,,,,,,,,,,
363,Page,Still Image,200,,163,The Picture of Dorian Gray Page 163,,Books/doriangray/pictureofdoriang00wildiala_0163.jp2,,,,,,,,,,,,,,,
364,Page,Still Image,200,,164,The Picture of Dorian Gray Page 164,,Books/doriangray/pictureofdoriang00wildiala_0164.jp2,,,,,,,,,,,,,,,
365,Page,Still Image,200,,165,The Picture of Dorian Gray Page 165,,Books/doriangray/pictureofdoriang00wildiala_0165.jp2,,,,,,,,,,,,,,,
366,Page,Still Image,200,,166,The Picture of Dorian Gray Page 166,,Books/doriangray/pictureofdoriang00wildiala_0166.jp2,,,,,,,,,,,,,,,
367,Page,Still Image,200,,167,The Picture of Dorian Gray Page 167,,Books/doriangray/pictureofdoriang00wildiala_0167.jp2,,,,,,,,,,,,,,,
368,Page,Still Image,200,,168,The Picture of Dorian Gray Page 168,,Books/doriangray/pictureofdoriang00wildiala_0168.jp2,,,,,,,,,,,,,,,
369,Page,Still Image,200,,169,The Picture of Dorian Gray Page 169,,Books/doriangray/pictureofdoriang00wildiala_0169.jp2,,,,,,,,,,,,,,,
370,Page,Still Image,200,,170,The Picture of Dorian Gray Page 170,,Books/doriangray/pictureofdoriang00wildiala_0170.jp2,,,,,,,,,,,,,,,
371,Page,Still Image,200,,171,The Picture of Dorian Gray Page 171,,Books/doriangray/pictureofdoriang00wildiala_0171.jp2,,,,,,,,,,,,,,,
372,Page,Still Image,200,,172,The Picture of Dorian Gray Page 172,,Books/doriangray/pictureofdoriang00wildiala_0172.jp2,,,,,,,,,,,,,,,
373,Page,Still Image,200,,173,The Picture of Dorian Gray Page 173,,Books/doriangray/pictureofdoriang00wildiala_0173.jp2,,,,,,,,,,,,,,,
374,Page,Still Image,200,,174,The Picture of Dorian Gray Page 174,,Books/doriangray/pictureofdoriang00wildiala_0174.jp2,,,,,,,,,,,,,,,
375,Page,Still Image,200,,175,The Picture of Dorian Gray Page 175,,Books/doriangray/pictureofdoriang00wildiala_0175.jp2,,,,,,,,,,,,,,,
376,Page,Still Image,200,,176,The Picture of Dorian Gray Page 176,,Books/doriangray/pictureofdoriang00wildiala_0176.jp2,,,,,,,,,,,,,,,
377,Page,Still Image,200,,177,The Picture of Dorian Gray Page 177,,Books/doriangray/pictureofdoriang00wildiala_0177.jp2,,,,,,,,,,,,,,,
378,Page,Still Image,200,,178,The Picture of Dorian Gray Page 178,,Books/doriangray/pictureofdoriang00wildiala_0178.jp2,,,,,,,,,,,,,,,
379,Page,Still Image,200,,179,The Picture of Dorian Gray Page 179,,Books/doriangray/pictureofdoriang00wildiala_0179.jp2,,,,,,,,,,,,,,,
380,Page,Still Image,200,,180,The Picture of Dorian Gray Page 180,,Books/doriangray/pictureofdoriang00wildiala_0180.jp2,,,,,,,,,,,,,,,
381,Page,Still Image,200,,181,The Picture of Dorian Gray Page 181,,Books/doriangray/pictureofdoriang00wildiala_0181.jp2,,,,,,,,,,,,,,,
382,Page,Still Image,200,,182,The Picture of Dorian Gray Page 182,,Books/doriangray/pictureofdoriang00wildiala_0182.jp2,,,,,,,,,,,,,,,
383,Page,Still Image,200,,183,The Picture of Dorian Gray Page 183,,Books/doriangray/pictureofdoriang00wildiala_0183.jp2,,,,,,,,,,,,,,,
384,Page,Still Image,200,,184,The Picture of Dorian Gray Page 184,,Books/doriangray/pictureofdoriang00wildiala_0184.jp2,,,,,,,,,,,,,,,
385,Page,Still Image,200,,185,The Picture of Dorian Gray Page 185,,Books/doriangray/pictureofdoriang00wildiala_0185.jp2,,,,,,,,,,,,,,,
386,Page,Still Image,200,,186,The Picture of Dorian Gray Page 186,,Books/doriangray/pictureofdoriang00wildiala_0186.jp2,,,,,,,,,,,,,,,
387,Page,Still Image,200,,187,The Picture of Dorian Gray Page 187,,Books/doriangray/pictureofdoriang00wildiala_0187.jp2,,,,,,,,,,,,,,,
388,Page,Still Image,200,,188,The Picture of Dorian Gray Page 188,,Books/doriangray/pictureofdoriang00wildiala_0188.jp2,,,,,,,,,,,,,,,
389,Page,Still Image,200,,189,The Picture of Dorian Gray Page 189,,Books/doriangray/pictureofdoriang00wildiala_0189.jp2,,,,,,,,,,,,,,,
390,Page,Still Image,200,,190,The Picture of Dorian Gray Page 190,,Books/doriangray/pictureofdoriang00wildiala_0190.jp2,,,,,,,,,,,,,,,
391,Page,Still Image,200,,191,The Picture of Dorian Gray Page 191,,Books/doriangray/pictureofdoriang00wildiala_0191.jp2,,,,,,,,,,,,,,,
392,Page,Still Image,200,,192,The Picture of Dorian Gray Page 192,,Books/doriangray/pictureofdoriang00wildiala_0192.jp2,,,,,,,,,,,,,,,
393,Page,Still Image,200,,193,The Picture of Dorian Gray Page 193,,Books/doriangray/pictureofdoriang00wildiala_0193.jp2,,,,,,,,,,,,,,,
394,Page,Still Image,200,,194,The Picture of Dorian Gray Page 194,,Books/doriangray/pictureofdoriang00wildiala_0194.jp2,,,,,,,,,,,,,,,
395,Page,Still Image,200,,195,The Picture of Dorian Gray Page 195,,Books/doriangray/pictureofdoriang00wildiala_0195.jp2,,,,,,,,,,,,,,,
396,Page,Still Image,200,,196,The Picture of Dorian Gray Page 196,,Books/doriangray/pictureofdoriang00wildiala_0196.jp2,,,,,,,,,,,,,,,
397,Page,Still Image,200,,197,The Picture of Dorian Gray Page 197,,Books/doriangray/pictureofdoriang00wildiala_0197.jp2,,,,,,,,,,,,,,,
398,Page,Still Image,200,,198,The Picture of Dorian Gray Page 198,,Books/doriangray/pictureofdoriang00wildiala_0198.jp2,,,,,,,,,,,,,,,
399,Page,Still Image,200,,199,The Picture of Dorian Gray Page 199,,Books/doriangray/pictureofdoriang00wildiala_0199.jp2,,,,,,,,,,,,,,,
400,Page,Still Image,200,,200,The Picture of Dorian Gray Page 200,,Books/doriangray/pictureofdoriang00wildiala_0200.jp2,,,,,,,,,,,,,,,
401,Page,Still Image,200,,201,The Picture of Dorian Gray Page 201,,Books/doriangray/pictureofdoriang00wildiala_0201.jp2,,,,,,,,,,,,,,,
402,Page,Still Image,200,,202,The Picture of Dorian Gray Page 202,,Books/doriangray/pictureofdoriang00wildiala_0202.jp2,,,,,,,,,,,,,,,
403,Page,Still Image,200,,203,The Picture of Dorian Gray Page 203,,Books/doriangray/pictureofdoriang00wildiala_0203.jp2,,,,,,,,,,,,,,,
404,Page,Still Image,200,,204,The Picture of Dorian Gray Page 204,,Books/doriangray/pictureofdoriang00wildiala_0204.jp2,,,,,,,,,,,,,,,
405,Page,Still Image,200,,205,The Picture of Dorian Gray Page 205,,Books/doriangray/pictureofdoriang00wildiala_0205.jp2,,,,,,,,,,,,,,,
406,Page,Still Image,200,,206,The Picture of Dorian Gray Page 206,,Books/doriangray/pictureofdoriang00wildiala_0206.jp2,,,,,,,,,,,,,,,
407,Page,Still Image,200,,207,The Picture of Dorian Gray Page 207,,Books/doriangray/pictureofdoriang00wildiala_0207.jp2,,,,,,,,,,,,,,,
408,Page,Still Image,200,,208,The Picture of Dorian Gray Page 208,,Books/doriangray/pictureofdoriang00wildiala_0208.jp2,,,,,,,,,,,,,,,
409,Page,Still Image,200,,209,The Picture of Dorian Gray Page 209,,Books/doriangray/pictureofdoriang00wildiala_0209.jp2,,,,,,,,,,,,,,,
410,Page,Still Image,200,,210,The Picture of Dorian Gray Page 210,,Books/doriangray/pictureofdoriang00wildiala_0210.jp2,,,,,,,,,,,,,,,
411,Page,Still Image,200,,211,The Picture of Dorian Gray Page 211,,Books/doriangray/pictureofdoriang00wildiala_0211.jp2,,,,,,,,,,,,,,,
412,Page,Still Image,200,,212,The Picture of Dorian Gray Page 212,,Books/doriangray/pictureofdoriang00wildiala_0212.jp2,,,,,,,,,,,,,,,
413,Page,Still Image,200,,213,The Picture of Dorian Gray Page 213,,Books/doriangray/pictureofdoriang00wildiala_0213.jp2,,,,,,,,,,,,,,,
414,Page,Still Image,200,,214,The Picture of Dorian Gray Page 214,,Books/doriangray/pictureofdoriang00wildiala_0214.jp2,,,,,,,,,,,,,,,
415,Page,Still Image,200,,215,The Picture of Dorian Gray Page 215,,Books/doriangray/pictureofdoriang00wildiala_0215.jp2,,,,,,,,,,,,,,,
416,Page,Still Image,200,,216,The Picture of Dorian Gray Page 216,,Books/doriangray/pictureofdoriang00wildiala_0216.jp2,,,,,,,,,,,,,,,
417,Page,Still Image,200,,217,The Picture of Dorian Gray Page 217,,Books/doriangray/pictureofdoriang00wildiala_0217.jp2,,,,,,,,,,,,,,,
418,Page,Still Image,200,,218,The Picture of Dorian Gray Page 218,,Books/doriangray/pictureofdoriang00wildiala_0218.jp2,,,,,,,,,,,,,,,
419,Page,Still Image,200,,219,The Picture of Dorian Gray Page 219,,Books/doriangray/pictureofdoriang00wildiala_0219.jp2,,,,,,,,,,,,,,,
420,Page,Still Image,200,,220,The Picture of Dorian Gray Page 220,,Books/doriangray/pictureofdoriang00wildiala_0220.jp2,,,,,,,,,,,,,,,
421,Page,Still Image,200,,221,The Picture of Dorian Gray Page 221,,Books/doriangray/pictureofdoriang00wildiala_0221.jp2,,,,,,,,,,,,,,,
422,Page,Still Image,200,,222,The Picture of Dorian Gray Page 222,,Books/doriangray/pictureofdoriang00wildiala_0222.jp2,,,,,,,,,,,,,,,
423,Page,Still Image,200,,223,The Picture of Dorian Gray Page 223,,Books/doriangray/pictureofdoriang00wildiala_0223.jp2,,,,,,,,,,,,,,,
424,Page,Still Image,200,,224,The Picture of Dorian Gray Page 224,,Books/doriangray/pictureofdoriang00wildiala_0224.jp2,,,,,,,,,,,,,,,
425,Page,Still Image,200,,225,The Picture of Dorian Gray Page 225,,Books/doriangray/pictureofdoriang00wildiala_0225.jp2,,,,,,,,,,,,,,,
426,Page,Still Image,200,,226,The Picture of Dorian Gray Page 226,,Books/doriangray/pictureofdoriang00wildiala_0226.jp2,,,,,,,,,,,,,,,
427,Page,Still Image,200,,227,The Picture of Dorian Gray Page 227,,Books/doriangray/pictureofdoriang00wildiala_0227.jp2,,,,,,,,,,,,,,,
428,Page,Still Image,200,,228,The Picture of Dorian Gray Page 228,,Books/doriangray/pictureofdoriang00wildiala_0228.jp2,,,,,,,,,,,,,,,
429,Page,Still Image,200,,229,The Picture of Dorian Gray Page 229,,Books/doriangray/pictureofdoriang00wildiala_0229.jp2,,,,,,,,,,,,,,,
430,Page,Still Image,200,,230,The Picture of Dorian Gray Page 230,,Books/doriangray/pictureofdoriang00wildiala_0230.jp2,,,,,,,,,,,,,,,
431,Page,Still Image,200,,231,The Picture of Dorian Gray Page 231,,Books/doriangray/pictureofdoriang00wildiala_0231.jp2,,,,,,,,,,,,,,,
432,Page,Still Image,200,,232,The Picture of Dorian Gray Page 232,,Books/doriangray/pictureofdoriang00wildiala_0232.jp2,,,,,,,,,,,,,,,
433,Page,Still Image,200,,233,The Picture of Dorian Gray Page 233,,Books/doriangray/pictureofdoriang00wildiala_0233.jp2,,,,,,,,,,,,,,,
434,Page,Still Image,200,,234,The Picture of Dorian Gray Page 234,,Books/doriangray/pictureofdoriang00wildiala_0234.jp2,,,,,,,,,,,,,,,
435,Page,Still Image,200,,235,The Picture of Dorian Gray Page 235,,Books/doriangray/pictureofdoriang00wildiala_0235.jp2,,,,,,,,,,,,,,,
436,Page,Still Image,200,,236,The Picture of Dorian Gray Page 236,,Books/doriangray/pictureofdoriang00wildiala_0236.jp2,,,,,,,,,,,,,,,
437,Page,Still Image,200,,237,The Picture of Dorian Gray Page 237,,Books/doriangray/pictureofdoriang00wildiala_0237.jp2,,,,,,,,,,,,,,,
438,Page,Still Image,200,,238,The Picture of Dorian Gray Page 238,,Books/doriangray/pictureofdoriang00wildiala_0238.jp2,,,,,,,,,,,,,,,
439,Page,Still Image,200,,239,The Picture of Dorian Gray Page 239,,Books/doriangray/pictureofdoriang00wildiala_0239.jp2,,,,,,,,,,,,,,,
440,Page,Still Image,200,,240,The Picture of Dorian Gray Page 240,,Books/doriangray/pictureofdoriang00wildiala_0240.jp2,,,,,,,,,,,,,,,
441,Page,Still Image,200,,241,The Picture of Dorian Gray Page 241,,Books/doriangray/pictureofdoriang00wildiala_0241.jp2,,,,,,,,,,,,,,,
442,Page,Still Image,200,,242,The Picture of Dorian Gray Page 242,,Books/doriangray/pictureofdoriang00wildiala_0242.jp2,,,,,,,,,,,,,,,
443,Page,Still Image,200,,243,The Picture of Dorian Gray Page 243,,Books/doriangray/pictureofdoriang00wildiala_0243.jp2,,,,,,,,,,,,,,,
444,Page,Still Image,200,,244,The Picture of Dorian Gray Page 244,,Books/doriangray/pictureofdoriang00wildiala_0244.jp2,,,,,,,,,,,,,,,
445,Page,Still Image,200,,245,The Picture of Dorian Gray Page 245,,Books/doriangray/pictureofdoriang00wildiala_0245.jp2,,,,,,,,,,,,,,,
446,Page,Still Image,200,,246,The Picture of Dorian Gray Page 246,,Books/doriangray/pictureofdoriang00wildiala_0246.jp2,,,,,,,,,,,,,,,
447,Page,Still Image,200,,247,The Picture of Dorian Gray Page 247,,Books/doriangray/pictureofdoriang00wildiala_0247.jp2,,,,,,,,,,,,,,,
448,Page,Still Image,200,,248,The Picture of Dorian Gray Page 248,,Books/doriangray/pictureofdoriang00wildiala_0248.jp2,,,,,,,,,,,,,,,
449,Page,Still Image,200,,249,The Picture of Dorian Gray Page 249,,Books/doriangray/pictureofdoriang00wildiala_0249.jp2,,,,,,,,,,,,,,,
450,Page,Still Image,200,,250,The Picture of Dorian Gray Page 250,,Books/doriangray/pictureofdoriang00wildiala_0250.jp2,,,,,,,,,,,,,,,
451,Page,Still Image,200,,251,The Picture of Dorian Gray Page 251,,Books/doriangray/pictureofdoriang00wildiala_0251.jp2,,,,,,,,,,,,,,,
452,Page,Still Image,200,,252,The Picture of Dorian Gray Page 252,,Books/doriangray/pictureofdoriang00wildiala_0252.jp2,,,,,,,,,,,,,,,
453,Page,Still Image,200,,253,The Picture of Dorian Gray Page 253,,Books/doriangray/pictureofdoriang00wildiala_0253.jp2,,,,,,,,,,,,,,,
454,Page,Still Image,200,,254,The Picture of Dorian Gray Page 254,,Books/doriangray/pictureofdoriang00wildiala_0254.jp2,,,,,,,,,,,,,,,
455,Page,Still Image,200,,255,The Picture of Dorian Gray Page 255,,Books/doriangray/pictureofdoriang00wildiala_0255.jp2,,,,,,,,,,,,,,,
456,Page,Still Image,200,,256,The Picture of Dorian Gray Page 256,,Books/doriangray/pictureofdoriang00wildiala_0256.jp2,,,,,,,,,,,,,,,
457,Page,Still Image,200,,257,The Picture of Dorian Gray Page 257,,Books/doriangray/pictureofdoriang00wildiala_0257.jp2,,,,,,,,,,,,,,,
458,Page,Still Image,200,,258,The Picture of Dorian Gray Page 258,,Books/doriangray/pictureofdoriang00wildiala_0258.jp2,,,,,,,,,,,,,,,
459,Page,Still Image,200,,259,The Picture of Dorian Gray Page 259,,Books/doriangray/pictureofdoriang00wildiala_0259.jp2,,,,,,,,,,,,,,,
460,Page,Still Image,200,,260,The Picture of Dorian Gray Page 260,,Books/doriangray/pictureofdoriang00wildiala_0260.jp2,,,,,,,,,,,,,,,
461,Page,Still Image,200,,261,The Picture of Dorian Gray Page 261,,Books/doriangray/pictureofdoriang00wildiala_0261.jp2,,,,,,,,,,,,,,,
462,Page,Still Image,200,,262,The Picture of Dorian Gray Page 262,,Books/doriangray/pictureofdoriang00wildiala_0262.jp2,,,,,,,,,,,,,,,
463,Page,Still Image,200,,263,The Picture of Dorian Gray Page 263,,Books/doriangray/pictureofdoriang00wildiala_0263.jp2,,,,,,,,,,,,,,,
464,Page,Still Image,200,,264,The Picture of Dorian Gray Page 264,,Books/doriangray/pictureofdoriang00wildiala_0264.jp2,,,,,,,,,,,,,,,
465,Page,Still Image,200,,265,The Picture of Dorian Gray Page 265,,Books/doriangray/pictureofdoriang00wildiala_0266.jp2,,,,,,,,,,,,,,,
466,Page,Still Image,200,,266,The Picture of Dorian Gray Page 266,,Books/doriangray/pictureofdoriang00wildiala_0267.jp2,,,,,,,,,,,,,,,
467,Page,Still Image,200,,267,The Picture of Dorian Gray Page 267,,Books/doriangray/pictureofdoriang00wildiala_0268.jp2,,,,,,,,,,,,,,,
468,Page,Still Image,200,,268,The Picture of Dorian Gray Page 268,,Books/doriangray/pictureofdoriang00wildiala_0269.jp2,,,,,,,,,,,,,,,